id,pk,bd_mgt_sn,sido,sigungu,gu,rd_nm,bld_s,bld_e,buld_nm,buld_nm_dc,buld_se_cd,bul_eng_nm,zip_cd,gro_flo_co,und_flo_co,buld_no,sig_cd,rn_cd,emd_cd,pnu,xpos,ypos,poi_chk,building_area_m2,change_area_m2,change_ratio,max_change_score,near_change,change_type,classification_note,change_id,mean_change_score,t1_date,t2_date,method,confidence,administrative_uncertainty,building_relevance,priority_score,inspection_priority
lt_c_spbd.4107803328,412810095796,4128111300108280006000001,경기도,고양시 덕양구,용두동,화랑로,261,19,,,0,,,1.0,0.0,261-19,41281,3192097,113,4128111300108280006,126.8747753773174,37.620073888819775,,71.0,71.0,0.9999,0.5869,False,NEW_BUILDING,change_ratio=1.00 >= 0.5 - 신축 추정 (건축물대장 사용승인일 확보 전까지는 근사 판정),,,,,,0.5869,1.0,1.0,0.8347,HIGH
lt_c_spbd.4107803330,412810079020,4128111300108330001000001,경기도,고양시 덕양구,용두동,화랑로,261,23,,,0,,,1.0,0.0,261-23,41281,3192097,113,4128111300108330001,126.87445795656524,37.62019268247779,,101.22,38.12,0.3766,0.5869,False,EXPANSION_OR_RECONSTRUCTION,"change_ratio=0.38 - 부분 변화, 증축/개축 추정",,,,,,0.5869,1.0,1.0,0.6477,MEDIUM
lt_c_spbd.4107803327,412810095795,4128111300108280003000001,경기도,고양시 덕양구,용두동,화랑로,261,17,,,0,,,1.0,0.0,261-17,41281,3192097,113,4128111300108280003,126.87500674506151,37.620268803648145,,90.83,19.82,0.2182,0.5869,False,EXPANSION_OR_RECONSTRUCTION,"change_ratio=0.22 - 부분 변화, 증축/개축 추정",,,,,,0.5869,1.0,1.0,0.6002,MEDIUM
lt_c_spbd.4107782618,412810016365,4128111300103000000016890,경기도,고양시 덕양구,용두동,화랑로286번길,112,0,,,0,,,1.0,0.0,112,41281,4376360,113,4128111300103000000,126.8850772173231,37.62214581067224,,149.46,49.05,0.3282,0.5403,False,EXPANSION_OR_RECONSTRUCTION,"change_ratio=0.33 - 부분 변화, 증축/개축 추정",,,,,,0.5403,1.0,1.0,0.6146,MEDIUM
lt_c_spbd.4107803450,412810081572,4128111300108230003000001,경기도,고양시 덕양구,용두동,화랑로,309,90,,,0,,,1.0,0.0,309-90,41281,3192097,113,4128111300108230003,126.8758542399533,37.622712618711844,,128.53,128.53,1.0,0.6711,False,NEW_BUILDING,change_ratio=1.00 >= 0.5 - 신축 추정 (건축물대장 사용승인일 확보 전까지는 근사 판정),,,,,,0.6711,1.0,1.0,0.8684,HIGH
lt_c_spbd.4107775927,412810006123,4128111300104340005026744,경기도,고양시 덕양구,용두동,서오릉로,524,0,,,0,,,1.0,0.0,524,41281,3000007,113,4128111300104340005,126.88401130943322,37.630275383839376,,166.94,6.4,0.0383,0.711,False,EXPANSION_OR_RECONSTRUCTION,"change_ratio=0.04 - 부분 변화, 증축/개축 추정",,,,,,0.711,1.0,1.0,0.5959,MEDIUM
lt_c_spbd.4107775925,412810006122,4128111300104340005026743,경기도,고양시 덕양구,용두동,서오릉로,524,0,,,0,,,1.0,0.0,524,41281,3000007,113,4128111300104340005,126.88396277764836,37.63032402433599,,168.66,57.26,0.3395,0.711,False,EXPANSION_OR_RECONSTRUCTION,"change_ratio=0.34 - 부분 변화, 증축/개축 추정",,,,,,0.711,1.0,1.0,0.6862,MEDIUM
lt_c_spbd.4107775928,412810006121,4128111300104340005026742,경기도,고양시 덕양구,용두동,서오릉로,524,0,,,0,,,1.0,0.0,524,41281,3000007,113,4128111300104340005,126.88391627079787,37.630373964737785,,158.17,46.8,0.2959,0.711,False,EXPANSION_OR_RECONSTRUCTION,"change_ratio=0.30 - 부분 변화, 증축/개축 추정",,,,,,0.711,1.0,1.0,0.6732,MEDIUM
lt_c_spbd.4107775937,412810006127,4128111300104340005026748,경기도,고양시 덕양구,용두동,서오릉로,524,0,,,0,,,1.0,0.0,524,41281,3000007,113,4128111300104340005,126.88386773141903,37.63042858747191,,181.12,82.66,0.4564,0.711,False,EXPANSION_OR_RECONSTRUCTION,"change_ratio=0.46 - 부분 변화, 증축/개축 추정",,,,,,0.711,1.0,1.0,0.7213,HIGH
lt_c_spbd.4107775917,412810006132,4128111300104340005026753,경기도,고양시 덕양구,용두동,서오릉로,524,0,,,0,,,1.0,0.0,524,41281,3000007,113,4128111300104340005,126.88359922496606,37.63053273844419,,168.27,0.0,0.0,,True,OTHER_CHANGE,"건물 본체 미교차, 버퍼 내 변화만 존재",,,,,,0.0,1.0,0.3,0.23,LOW
lt_c_spbd.4107775926,412810006133,4128111300104340005026754,경기도,고양시 덕양구,용두동,서오릉로,524,0,,,0,,,1.0,0.0,524,41281,3000007,113,4128111300104340005,126.88366294055608,37.630569377144695,,169.57,14.3,0.0843,0.711,False,EXPANSION_OR_RECONSTRUCTION,"change_ratio=0.08 - 부분 변화, 증축/개축 추정",,,,,,0.711,1.0,1.0,0.6097,MEDIUM
lt_c_spbd.4107775940,412810006119,4128111300104340004026740,경기도,고양시 덕양구,용두동,서오릉로,524,0,,,0,,,1.0,0.0,524,41281,3000007,113,4128111300104340005,126.88372627723228,37.63060775907786,,169.19,73.49,0.4343,0.711,False,EXPANSION_OR_RECONSTRUCTION,"change_ratio=0.43 - 부분 변화, 증축/개축 추정",,,,,,0.711,1.0,1.0,0.7147,HIGH
lt_c_spbd.4107775918,412810006120,4128111300104340004026741,경기도,고양시 덕양구,용두동,서오릉로,524,0,,,0,,,1.0,0.0,524,41281,3000007,113,4128111300104340005,126.88379038065352,37.63064592171271,,166.05,135.89,0.8184,0.711,False,NEW_BUILDING,change_ratio=0.82 >= 0.5 - 신축 추정 (건축물대장 사용승인일 확보 전까지는 근사 판정),,,,,,0.711,1.0,1.0,0.8299,HIGH
lt_c_spbd.4107803470,412810092927,4128111300105680005000001,경기도,고양시 덕양구,용두동,서오릉로,577,123,,,0,,,1.0,0.0,577-123,41281,3000007,113,4128111300105680005,126.8772312576842,37.6309778932942,,789.28,143.46,0.1818,0.7009,False,EXPANSION_OR_RECONSTRUCTION,"change_ratio=0.18 - 부분 변화, 증축/개축 추정",,,,,,0.7009,1.0,1.0,0.6349,MEDIUM
lt_c_spbd.4107798854,412810112536,4128111300105700011000001,경기도,고양시 덕양구,용두동,서오릉로,540,82,,,0,,,1.0,0.0,540-82,41281,3000007,113,4128111300105700011,126.87763152748906,37.63285331920499,,224.38,224.3,0.9996,0.7088,False,NEW_BUILDING,change_ratio=1.00 >= 0.5 - 신축 추정 (건축물대장 사용승인일 확보 전까지는 근사 판정),,,,,,0.7088,1.0,1.0,0.8834,HIGH
lt_c_spbd.4107776358,412810006541,4128111300100400004026933,경기도,고양시 덕양구,용두동,봉산로,258,0,,,0,,,1.0,0.0,258,41281,3192030,113,4128111300100400004,126.89413708120577,37.61544186183522,,563.66,219.77,0.3899,0.779,False,EXPANSION_OR_RECONSTRUCTION,"change_ratio=0.39 - 부분 변화, 증축/개축 추정",,,,,,0.779,1.0,1.0,0.7286,HIGH
lt_c_spbd.4107776361,412810006540,4128111300100400004026681,경기도,고양시 덕양구,용두동,봉산로,258,0,,,0,,,1.0,0.0,258,41281,3192030,113,4128111300100400004,126.89431658129978,37.61545513231516,,565.56,19.85,0.0351,0.779,False,EXPANSION_OR_RECONSTRUCTION,"change_ratio=0.04 - 부분 변화, 증축/개축 추정",,,,,,0.779,1.0,1.0,0.6221,MEDIUM
lt_c_spbd.4107803497,412810078115,4128111300100390005000001,경기도,고양시 덕양구,용두동,봉산로,269,2,,,0,,,1.0,0.0,269-2,41281,3192030,113,4128111300100390005,126.8933690818076,37.61626771756658,,135.47,25.38,0.1874,0.779,False,EXPANSION_OR_RECONSTRUCTION,"change_ratio=0.19 - 부분 변화, 증축/개축 추정",,,,,,0.779,1.0,1.0,0.6678,MEDIUM
lt_c_spbd.4107803496,412810078116,4128111300100390005000002,경기도,고양시 덕양구,용두동,봉산로,269,2,,,0,,,1.0,0.0,269-2,41281,3192030,113,4128111300100390005,126.89347936138537,37.61634615877885,,51.69,51.69,0.9999,0.779,False,NEW_BUILDING,change_ratio=1.00 >= 0.5 - 신축 추정 (건축물대장 사용승인일 확보 전까지는 근사 판정),,,,,,0.779,1.0,1.0,0.9116,HIGH
lt_c_spbd.4107802937,412810028387,4128111300100040006027007,경기도,고양시 덕양구,용두동,용두로,176,79,,,0,,,1.0,0.0,176-79,41281,3192055,113,4128111300100040006,126.89929759027572,37.619499810082445,,157.37,157.37,1.0,0.7979,False,NEW_BUILDING,change_ratio=1.00 >= 0.5 - 신축 추정 (건축물대장 사용승인일 확보 전까지는 근사 판정),,,,,,0.7979,1.0,1.0,0.9192,HIGH
lt_c_spbd.4107802938,412810028388,4128111300100040006027008,경기도,고양시 덕양구,용두동,용두로,176,79,,,0,,,1.0,0.0,176-79,41281,3192055,113,4128111300100040006,126.89922078118411,37.6195344234352,,159.97,159.97,1.0,0.7979,False,NEW_BUILDING,change_ratio=1.00 >= 0.5 - 신축 추정 (건축물대장 사용승인일 확보 전까지는 근사 판정),,,,,,0.7979,1.0,1.0,0.9192,HIGH
lt_c_spbd.4107802941,412810080698,4128111300100020017000001,경기도,고양시 덕양구,용두동,용두로,176,82,,,0,,,1.0,0.0,176-82,41281,3192055,113,4128111300100020017,126.89929692930895,37.61999081748323,,78.24,78.24,0.9999,0.7979,False,NEW_BUILDING,change_ratio=1.00 >= 0.5 - 신축 추정 (건축물대장 사용승인일 확보 전까지는 근사 판정),,,,,,0.7979,1.0,1.0,0.9191,HIGH
lt_c_spbd.4107802939,412810028386,4128111300100020097009436,경기도,고양시 덕양구,용두동,용두로,176,79,,,0,,,1.0,0.0,176-79,41281,3192055,113,4128111300100040006,126.89955416534093,37.6201055040778,,37.91,37.91,1.0,0.7979,False,NEW_BUILDING,change_ratio=1.00 >= 0.5 - 신축 추정 (건축물대장 사용승인일 확보 전까지는 근사 판정),,,,,,0.7979,1.0,1.0,0.9192,HIGH
lt_c_spbd.4107802940,412810028385,4128111300100020093002646,경기도,고양시 덕양구,용두동,용두로,176,80,,,0,,,1.0,0.0,176-80,41281,3192055,113,4128111300100020025,126.89924136483296,37.620213787292336,,85.24,85.24,1.0,0.7979,False,NEW_BUILDING,change_ratio=1.00 >= 0.5 - 신축 추정 (건축물대장 사용승인일 확보 전까지는 근사 판정),,,,,,0.7979,1.0,1.0,0.9192,HIGH
lt_c_spbd.4107802936,412810028381,4128111300100020024002645,경기도,고양시 덕양구,용두동,용두로,176,78,,,0,,,1.0,0.0,176-78,41281,3192055,113,4128111300100020024,126.89919729108885,37.620290114085385,,86.69,86.69,1.0,0.7979,False,NEW_BUILDING,change_ratio=1.00 >= 0.5 - 신축 추정 (건축물대장 사용승인일 확보 전까지는 근사 판정),,,,,,0.7979,1.0,1.0,0.9192,HIGH
lt_c_spbd.4107802934,412810028380,4128111300100020020034231,경기도,고양시 덕양구,용두동,용두로,176,76,,,0,,,1.0,0.0,176-76,41281,3192055,113,4128111300100020019,126.89912007051726,37.62037729516953,,54.63,54.63,1.0,0.7979,False,NEW_BUILDING,change_ratio=1.00 >= 0.5 - 신축 추정 (건축물대장 사용승인일 확보 전까지는 근사 판정),,,,,,0.7979,1.0,1.0,0.9192,HIGH
lt_c_spbd.4107802935,412810028379,4128111300100020019002643,경기도,고양시 덕양구,용두동,용두로,176,76,,,0,,,1.0,0.0,176-76,41281,3192055,113,4128111300100020019,126.8991913677686,37.6204006648795,,66.11,66.11,1.0,0.7979,False,NEW_BUILDING,change_ratio=1.00 >= 0.5 - 신축 추정 (건축물대장 사용승인일 확보 전까지는 근사 판정),,,,,,0.7979,1.0,1.0,0.9192,HIGH
lt_c_spbd.4107802933,412810028378,4128111300100020018002647,경기도,고양시 덕양구,용두동,용두로,176,74,,,0,,,1.0,0.0,176-74,41281,3192055,113,4128111300100020018,126.89919411609655,37.62046896237645,,134.27,134.27,1.0,0.7979,False,NEW_BUILDING,change_ratio=1.00 >= 0.5 - 신축 추정 (건축물대장 사용승인일 확보 전까지는 근사 판정),,,,,,0.7979,1.0,1.0,0.9192,HIGH
lt_c_spbd.4107802932,412810028377,4128111300100020015002597,경기도,고양시 덕양구,용두동,용두로,176,72,,,0,,,1.0,0.0,176-72,41281,3192055,113,4128111300100020015,126.89882440811054,37.62055545560035,,129.12,69.21,0.536,0.7979,False,NEW_BUILDING,change_ratio=0.54 >= 0.5 - 신축 추정 (건축물대장 사용승인일 확보 전까지는 근사 판정),,,,,,0.7979,1.0,1.0,0.78,HIGH
lt_c_spbd.4107802930,412810079344,4128111300100020013000001,경기도,고양시 덕양구,용두동,용두로,176,42,,,0,,,1.0,0.0,176-42,41281,3192055,113,4128111300100020013,126.89850537368147,37.62175467673351,,68.51,57.67,0.8418,0.6198,False,NEW_BUILDING,change_ratio=0.84 >= 0.5 - 신축 추정 (건축물대장 사용승인일 확보 전까지는 근사 판정),,,,,,0.6198,1.0,1.0,0.8005,HIGH
lt_c_spbd.4107803035,412810106801,4128111300104700008000001,경기도,고양시 덕양구,용두동,서오릉로,504,63,,,0,,,1.0,0.0,504-63,41281,3000007,113,4128111300104700008,126.8876917349225,37.63372031709682,,145.13,145.13,1.0,0.6602,False,NEW_BUILDING,change_ratio=1.00 >= 0.5 - 신축 추정 (건축물대장 사용승인일 확보 전까지는 근사 판정),,,,,,0.6602,1.0,1.0,0.8641,HIGH
lt_c_spbd.4107787966,412810127075,4128111200101990001000001,경기도,고양시 덕양구,동산동,화랑로546번길,16,12,,,0,,,2.0,0.0,16-12,41281,4376362,112,4128111200101990001,126.88894250460436,37.64209056818204,,187.63,187.63,1.0,0.6772,False,NEW_BUILDING,change_ratio=1.00 >= 0.5 - 신축 추정 (건축물대장 사용승인일 확보 전까지는 근사 판정),,,,,,0.6772,1.0,1.0,0.8709,HIGH
lt_c_spbd.4107787965,412810137270,4128111200101590025018539,경기도,고양시 덕양구,동산동,화랑로546번길,16,11,,,0,,,1.0,0.0,16-11,41281,4376362,112,4128111200101590025,126.88900171279701,37.642282768343975,,119.65,119.65,1.0,0.6772,False,NEW_BUILDING,change_ratio=1.00 >= 0.5 - 신축 추정 (건축물대장 사용승인일 확보 전까지는 근사 판정),,,,,,0.6772,1.0,1.0,0.8709,HIGH
lt_c_spbd.4107787968,412810021545,4128111200200420001024040,경기도,고양시 덕양구,동산동,화랑로546번길,16,15,,,0,,,1.0,0.0,16-15,41281,4376362,112,4128111200200420001,126.8892040173037,37.64229820657455,,30.38,30.38,1.0,0.6772,False,NEW_BUILDING,change_ratio=1.00 >= 0.5 - 신축 추정 (건축물대장 사용승인일 확보 전까지는 근사 판정),,,,,,0.6772,1.0,1.0,0.8709,HIGH
lt_c_spbd.4107787971,412810021544,4128111200200420001009751,경기도,고양시 덕양구,동산동,화랑로546번길,16,17,,,0,,,1.0,0.0,16-17,41281,4376362,112,4128111200200420001,126.88929425153923,37.64229660410378,,37.11,5.73,0.1544,0.6772,False,EXPANSION_OR_RECONSTRUCTION,"change_ratio=0.15 - 부분 변화, 증축/개축 추정",,,,,,0.6772,1.0,1.0,0.6172,MEDIUM
lt_c_spbd.4107787969,412810021543,4128111200200420001008432,경기도,고양시 덕양구,동산동,화랑로546번길,16,15,,,0,,,1.0,0.0,16-15,41281,4376362,112,4128111200200420001,126.88913912338344,37.6423238092987,,25.88,25.88,0.9999,0.6772,False,NEW_BUILDING,change_ratio=1.00 >= 0.5 - 신축 추정 (건축물대장 사용승인일 확보 전까지는 근사 판정),,,,,,0.6772,1.0,1.0,0.8708,HIGH
lt_c_spbd.4107787963,412810021539,4128111200101590024028859,경기도,고양시 덕양구,동산동,화랑로546번길,16,7,,,0,,,1.0,0.0,16-7,41281,4376362,112,4128111200101590024,126.88904246944128,37.642361586768885,,12.36,12.36,0.9997,0.6772,False,NEW_BUILDING,change_ratio=1.00 >= 0.5 - 신축 추정 (건축물대장 사용승인일 확보 전까지는 근사 판정),,,,,,0.6772,1.0,1.0,0.8708,HIGH
lt_c_spbd.4107787964,412810021538,4128111200101590024008576,경기도,고양시 덕양구,동산동,화랑로546번길,16,7,,,0,,,1.0,0.0,16-7,41281,4376362,112,4128111200101590024,126.88896413965355,37.642395946409366,,81.86,81.86,1.0,0.6772,False,NEW_BUILDING,change_ratio=1.00 >= 0.5 - 신축 추정 (건축물대장 사용승인일 확보 전까지는 근사 판정),,,,,,0.6772,1.0,1.0,0.8709,HIGH
lt_c_spbd.4107782767,412810016524,4128111200101590028008600,경기도,고양시 덕양구,동산동,화랑로546번길,16,0,,,0,,,1.0,0.0,16,41281,4376362,112,4128111200101590028,126.88863913485086,37.64241871900788,,76.87,76.87,1.0,0.6772,False,NEW_BUILDING,change_ratio=1.00 >= 0.5 - 신축 추정 (건축물대장 사용승인일 확보 전까지는 근사 판정),,,,,,0.6772,1.0,1.0,0.8709,HIGH
lt_c_spbd.4107787967,412810021537,4128111200101590023008566,경기도,고양시 덕양구,동산동,화랑로546번길,16,13,,,0,,,1.0,0.0,16-13,41281,4376362,112,4128111200101590023,126.88908587157239,37.64242330810994,,58.3,58.3,1.0,0.6772,False,NEW_BUILDING,change_ratio=1.00 >= 0.5 - 신축 추정 (건축물대장 사용승인일 확보 전까지는 근사 판정),,,,,,0.6772,1.0,1.0,0.8709,HIGH
lt_c_spbd.4107782771,412810016523,4128111200101590022008565,경기도,고양시 덕양구,동산동,화랑로546번길,20,0,,,0,,,1.0,0.0,20,41281,4376362,112,4128111200101590022,126.88897740798697,37.6424608569989,,46.39,46.39,1.0,0.6772,False,NEW_BUILDING,change_ratio=1.00 >= 0.5 - 신축 추정 (건축물대장 사용승인일 확보 전까지는 근사 판정),,,,,,0.6772,1.0,1.0,0.8709,HIGH
lt_c_spbd.4107782769,412810016522,4128111200101590021008330,경기도,고양시 덕양구,동산동,화랑로546번길,18,0,,,0,,,1.0,0.0,18,41281,4376362,112,4128111200101590021,126.88878862324444,37.6424721999126,,65.23,65.23,1.0,0.6772,False,NEW_BUILDING,change_ratio=1.00 >= 0.5 - 신축 추정 (건축물대장 사용승인일 확보 전까지는 근사 판정),,,,,,0.6772,1.0,1.0,0.8709,HIGH
lt_c_spbd.4107782779,412810016520,4128111200101590020024061,경기도,고양시 덕양구,동산동,화랑로546번길,22,0,,,0,,,1.0,0.0,22,41281,4376362,112,4128111200101590020,126.88914480354237,37.642490640000844,,13.13,12.43,0.9469,0.6772,False,NEW_BUILDING,change_ratio=0.95 >= 0.5 - 신축 추정 (건축물대장 사용승인일 확보 전까지는 근사 판정),,,,,,0.6772,1.0,1.0,0.855,HIGH
lt_c_spbd.4107782777,412810016521,4128111200101590020028630,경기도,고양시 덕양구,동산동,화랑로546번길,22,0,,,0,,,1.0,0.0,22,41281,4376362,112,4128111200101590020,126.88909949186748,37.6424929668882,,24.27,23.6,0.9725,0.6772,False,NEW_BUILDING,change_ratio=0.97 >= 0.5 - 신축 추정 (건축물대장 사용승인일 확보 전까지는 근사 판정),,,,,,0.6772,1.0,1.0,0.8626,HIGH
lt_c_spbd.4107775971,412810098235,4128111200101590002000001,경기도,고양시 덕양구,동산동,화랑로,542,0,,,0,,,2.0,0.0,542,41281,3192097,112,4128111200101590002,126.88790991553809,37.64250425925324,,191.56,120.81,0.6307,0.6772,False,NEW_BUILDING,change_ratio=0.63 >= 0.5 - 신축 추정 (건축물대장 사용승인일 확보 전까지는 근사 판정),,,,,,0.6772,1.0,1.0,0.7601,HIGH
lt_c_spbd.4107782778,412810016519,4128111200101590020008591,경기도,고양시 덕양구,동산동,화랑로546번길,22,0,,,0,,,1.0,0.0,22,41281,4376362,112,4128111200101590020,126.88903706623333,37.64256821989747,,79.78,0.4,0.005,0.6772,False,EXPANSION_OR_RECONSTRUCTION,"change_ratio=0.01 - 부분 변화, 증축/개축 추정",,,,,,0.6772,1.0,1.0,0.5724,MEDIUM
lt_c_spbd.4107782784,412810016518,4128111200101590019008577,경기도,고양시 덕양구,동산동,화랑로546번길,26,0,,,0,,,1.0,0.0,26,41281,4376362,112,4128111200101590019,126.88899218969007,37.642631176107955,,88.34,2.6,0.0294,0.6772,False,EXPANSION_OR_RECONSTRUCTION,"change_ratio=0.03 - 부분 변화, 증축/개축 추정",,,,,,0.6772,1.0,1.0,0.5797,MEDIUM
lt_c_spbd.4107782768,412810016507,4128111200101590013008598,경기도,고양시 덕양구,동산동,화랑로546번길,17,0,,,0,,,1.0,0.0,17,41281,4376362,112,4128111200101590013,126.88856575490672,37.64266332658085,,126.54,8.37,0.0662,0.6772,False,EXPANSION_OR_RECONSTRUCTION,"change_ratio=0.07 - 부분 변화, 증축/개축 추정",,,,,,0.6772,1.0,1.0,0.5907,MEDIUM
lt_c_spbd.4107782770,412810016508,4128111200101590015001357,경기도,고양시 덕양구,동산동,화랑로546번길,19,0,,,0,,,1.0,0.0,19,41281,4376362,112,4128111200101590015,126.88872548429494,37.642658854492964,,97.33,0.61,0.0062,0.6772,False,EXPANSION_OR_RECONSTRUCTION,"change_ratio=0.01 - 부분 변화, 증축/개축 추정",,,,,,0.6772,1.0,1.0,0.5727,MEDIUM
lt_c_spbd.4107802949,412810084193,4128111300104700001000001,경기도,고양시 덕양구,용두동,서오릉로,504,59,,,0,,,1.0,0.0,504-59,41281,3000007,113,4128111300104700001,126.8873742706006,37.633473903530614,,214.36,11.73,0.0547,0.6602,False,EXPANSION_OR_RECONSTRUCTION,"change_ratio=0.05 - 부분 변화, 증축/개축 추정",,,,,,0.6602,1.0,1.0,0.5805,MEDIUM
lt_c_spbd.4107805801,412810089341,4128111300103320000033453,경기도,고양시 덕양구,동산동,고양대로,1804,22,,,0,,,1.0,0.0,1804-22,41281,2192001,112,4128111200103320000,126.87920928662413,37.641418175121885,,574.39,10.19,0.0177,0.7629,False,EXPANSION_OR_RECONSTRUCTION,"change_ratio=0.02 - 부분 변화, 증축/개축 추정",,,,,,0.7629,1.0,1.0,0.6105,MEDIUM
lt_c_spbd.4107805800,412810135060,4128111100103390000000002,경기도,고양시 덕양구,삼송동,고양대로,1804,18,,,0,,,1.0,0.0,1804-18,41281,2192001,111,4128111100103390000,126.87959420273393,37.64203392586564,,38.83,1.65,0.0424,0.7629,False,EXPANSION_OR_RECONSTRUCTION,"change_ratio=0.04 - 부분 변화, 증축/개축 추정",,,,,,0.7629,1.0,1.0,0.6179,MEDIUM
lt_c_spbd.4107803407,412810079469,4128111300105030013000001,경기도,고양시 덕양구,용두동,고양대로,1836,169,,,0,,,1.0,0.0,1836-169,41281,2192001,113,4128111300105030013,126.87984175979574,37.63563872226299,,117.37,117.37,1.0,0.8671,False,NEW_BUILDING,change_ratio=1.00 >= 0.5 - 신축 추정 (건축물대장 사용승인일 확보 전까지는 근사 판정),,,,,,0.8671,1.0,1.0,0.9468,HIGH
lt_c_spbd.4107797137,412810078058,4128111200102400000000001,경기도,고양시 덕양구,동산동,고양대로,1856,78,,,0,,,1.0,0.0,1856-78,41281,2192001,112,4128111200102400000,126.88450679296803,37.63893541856623,,179.02,0.19,0.001,0.6715,False,EXPANSION_OR_RECONSTRUCTION,"change_ratio=0.00 - 부분 변화, 증축/개축 추정",,,,,,0.6715,1.0,1.0,0.5689,MEDIUM
lt_c_spbd.4107803513,412810088000,4128111200102820022000001,경기도,고양시 덕양구,동산동,고양대로,1814,13,,,0,,,1.0,0.0,1814-13,41281,2192001,112,4128111200102820022,126.88080885658749,37.64160331315037,,125.37,13.92,0.111,0.7629,False,EXPANSION_OR_RECONSTRUCTION,"change_ratio=0.11 - 부분 변화, 증축/개축 추정",,,,,,0.7629,1.0,1.0,0.6385,MEDIUM
lt_c_spbd.4107797222,412810092381,4128111200100770019000001,경기도,고양시 덕양구,동산동,고양대로,1972,8,,,0,,,2.0,0.0,1972-8,41281,2192001,112,4128111200100770019,126.89771324966057,37.64579962969215,,829.66,169.87,0.2047,0.6928,False,EXPANSION_OR_RECONSTRUCTION,"change_ratio=0.20 - 부분 변화, 증축/개축 추정",,,,,,0.6928,1.0,1.0,0.6385,MEDIUM
lt_c_spbd.4107771743,412810000980,4128111200100780006000017,경기도,고양시 덕양구,동산동,고양대로,1962,0,,,0,,,1.0,0.0,1962,41281,2192001,112,4128111200100780006,126.897148088944,37.64588569336054,,268.37,12.79,0.0477,0.6928,False,EXPANSION_OR_RECONSTRUCTION,"change_ratio=0.05 - 부분 변화, 증축/개축 추정",,,,,,0.6928,1.0,1.0,0.5914,MEDIUM
lt_c_spbd.4107771744,412810093103,4128111200100770001026391,경기도,고양시 덕양구,동산동,고양대로,1970,0,,,0,,,3.0,0.0,1970,41281,2192001,112,4128111200100770001,126.89763921487699,37.64614956015126,,768.18,644.25,0.8387,0.6928,False,NEW_BUILDING,change_ratio=0.84 >= 0.5 - 신축 추정 (건축물대장 사용승인일 확보 전까지는 근사 판정),,,,,,0.6928,1.0,1.0,0.8287,HIGH
,,,,,,,,,,,,,,,,,,,,,,,,,3901.2,0.0,0.6393,,OTHER_CHANGE,"건물과 미교차, 변화강도/면적 기준 미달 - 토지조성/기타 추정",CHG_00004,0.5764,2022-05-17,2024-05-31,ensemble,0.6393,1.0,0.3,0.4857,MEDIUM
,,,,,,,,,,,,,,,,,,,,,,,,,2000.61,0.0,0.65,,OTHER_CHANGE,"건물과 미교차, 변화강도/면적 기준 미달 - 토지조성/기타 추정",CHG_00006,0.581,2022-05-17,2024-05-31,ensemble,0.65,1.0,0.3,0.49,MEDIUM
,,,,,,,,,,,,,,,,,,,,,,,,,2200.68,0.0,0.5859,,OTHER_CHANGE,"건물과 미교차, 변화강도/면적 기준 미달 - 토지조성/기타 추정",CHG_00007,0.5411,2022-05-17,2024-05-31,ensemble,0.5859,1.0,0.3,0.4644,MEDIUM
,,,,,,,,,,,,,,,,,,,,,,,,,1200.37,0.0,0.584,,OTHER_CHANGE,"건물과 미교차, 변화강도/면적 기준 미달 - 토지조성/기타 추정",CHG_00013,0.5469,2022-05-17,2024-05-31,ensemble,0.584,1.0,0.3,0.4636,MEDIUM
,,,,,,,,,,,,,,,,,,,,,,,,,4901.51,0.0,0.6609,,OTHER_CHANGE,"건물과 미교차, 변화강도/면적 기준 미달 - 토지조성/기타 추정",CHG_00014,0.5853,2022-05-17,2024-05-31,ensemble,0.6609,1.0,0.3,0.4944,MEDIUM
,,,,,,,,,,,,,,,,,,,,,,,,,4201.29,0.0,0.6066,,OTHER_CHANGE,"건물과 미교차, 변화강도/면적 기준 미달 - 토지조성/기타 추정",CHG_00015,0.5478,2022-05-17,2024-05-31,ensemble,0.6066,1.0,0.3,0.4726,MEDIUM
,,,,,,,,,,,,,,,,,,,,,,,,,2000.61,0.0,0.5515,,OTHER_CHANGE,"건물과 미교차, 변화강도/면적 기준 미달 - 토지조성/기타 추정",CHG_00016,0.5226,2022-05-17,2024-05-31,ensemble,0.5515,1.0,0.3,0.4506,MEDIUM
,,,,,,,,,,,,,,,,,,,,,,,,,1200.37,0.0,0.5738,,OTHER_CHANGE,"건물과 미교차, 변화강도/면적 기준 미달 - 토지조성/기타 추정",CHG_00017,0.5266,2022-05-17,2024-05-31,ensemble,0.5738,1.0,0.3,0.4595,MEDIUM
,,,,,,,,,,,,,,,,,,,,,,,,,900.28,0.0,0.5918,,OTHER_CHANGE,"건물과 미교차, 변화강도/면적 기준 미달 - 토지조성/기타 추정",CHG_00018,0.5354,2022-05-17,2024-05-31,ensemble,0.5918,1.0,0.3,0.4667,MEDIUM
,,,,,,,,,,,,,,,,,,,,,,,,,2400.74,0.0,0.6891,,DEMOLITION,"건물과 미교차 + mean_change_score=0.61 >= 0.6 - 철거 추정 (T1 건물 유무 미확인, 이미지 변화 강도 기반 추정)",CHG_00019,0.6137,2022-05-17,2024-05-31,ensemble,0.6891,1.0,1.0,0.5756,MEDIUM
,,,,,,,,,,,,,,,,,,,,,,,,,900.28,0.0,0.5815,,OTHER_CHANGE,"건물과 미교차, 변화강도/면적 기준 미달 - 토지조성/기타 추정",CHG_00021,0.5505,2022-05-17,2024-05-31,ensemble,0.5815,1.0,0.3,0.4626,MEDIUM
,,,,,,,,,,,,,,,,,,,,,,,,,2800.86,0.0,0.6203,,OTHER_CHANGE,"건물과 미교차, 변화강도/면적 기준 미달 - 토지조성/기타 추정",CHG_00024,0.5665,2022-05-17,2024-05-31,ensemble,0.6203,1.0,0.3,0.4781,MEDIUM
,,,,,,,,,,,,,,,,,,,,,,,,,8302.55,0.0,0.7235,,DEMOLITION,"건물과 미교차 + mean_change_score=0.64 >= 0.6 - 철거 추정 (T1 건물 유무 미확인, 이미지 변화 강도 기반 추정)",CHG_00026,0.638,2022-05-17,2024-05-31,ensemble,0.7235,1.0,1.0,0.5894,MEDIUM
,,,,,,,,,,,,,,,,,,,,,,,,,900.28,0.0,0.5805,,OTHER_CHANGE,"건물과 미교차, 변화강도/면적 기준 미달 - 토지조성/기타 추정",CHG_00028,0.5529,2022-05-17,2024-05-31,ensemble,0.5805,1.0,0.3,0.4622,MEDIUM
,,,,,,,,,,,,,,,,,,,,,,,,,1500.46,0.0,0.5902,,OTHER_CHANGE,"건물과 미교차, 변화강도/면적 기준 미달 - 토지조성/기타 추정",CHG_00029,0.5575,2022-05-17,2024-05-31,ensemble,0.5902,1.0,0.3,0.4661,MEDIUM
,,,,,,,,,,,,,,,,,,,,,,,,,58217.89,0.0,0.8924,,DEMOLITION,"건물과 미교차 + mean_change_score=0.66 >= 0.6 - 철거 추정 (T1 건물 유무 미확인, 이미지 변화 강도 기반 추정)",CHG_00031,0.6558,2022-05-17,2024-05-31,ensemble,0.8924,1.0,1.0,0.657,MEDIUM
,,,,,,,,,,,,,,,,,,,,,,,,,3000.92,0.0,0.6937,,OTHER_CHANGE,"건물과 미교차, 변화강도/면적 기준 미달 - 토지조성/기타 추정",CHG_00032,0.5835,2022-05-17,2024-05-31,ensemble,0.6937,1.0,0.3,0.5075,MEDIUM
,,,,,,,,,,,,,,,,,,,,,,,,,1500.46,0.0,0.5444,,OTHER_CHANGE,"건물과 미교차, 변화강도/면적 기준 미달 - 토지조성/기타 추정",CHG_00033,0.5208,2022-05-17,2024-05-31,ensemble,0.5444,1.0,0.3,0.4478,MEDIUM
