id,pk,bd_mgt_sn,sido,sigungu,gu,rd_nm,bld_s,bld_e,buld_nm,buld_nm_dc,buld_se_cd,bul_eng_nm,zip_cd,gro_flo_co,und_flo_co,buld_no,sig_cd,rn_cd,emd_cd,pnu,xpos,ypos,poi_chk,mainPurpsCdNm,archArea,totArea,grndFlrCnt,ugrndFlrCnt,pmsDay,stcnsDay,useAprDay,has_register_match,match_method,administrative_uncertainty,building_area_m2,change_area_m2,change_ratio,max_change_score,near_change,site_id,brightness_delta,change_type,classification_note,directional_consistency_flag,change_id,mean_change_score,t1_date,t2_date,method,brightness_t1,brightness_t2,confidence,building_relevance,priority_score,inspection_priority,gi_zscore,gi_pvalue,gi_class
lt_c_spbd.4108584905,415950111653,4159011900101240003000001,경기도,화성시 병점구,기산동,동탄지성로255번길,31,19,,,0,,,1.0,0.0,31-19,41595,4430321,104,4159510400101240003,127.04839291806763,37.216898760825416,,,,,,,,,,False,,1.0,39.4,34.38,0.8726,0.6016,False,CHG_00051,1584.98,NEW_BUILDING,"change_ratio=0.87 >= 0.5 - 신축 추정 (건축물대장 미매칭, change_ratio 휴리스틱)",True,,,,,,,,0.6016,1.0,0.8024,HIGH,0.6505045350255864,0.079,HOT_90
lt_c_spbd.4108584899,415950030142,4159011900001210000025557,경기도,화성시 병점구,기산동,동탄지성로255번길,31,14,,,0,,,1.0,0.0,31-14,41595,4430321,104,4159510400101210000,127.04826568570695,37.21756338633229,,,,,,,,,,False,,1.0,62.94,0.0,0.0,,True,,,OTHER_CHANGE,"건물 본체 미교차, 버퍼 내 변화만 존재",,,,,,,,,0.0,0.3,0.23,LOW,0.6505045350255864,0.003,HOT_99
lt_c_spbd.4108584900,415950030141,4159011900001210000025542,경기도,화성시 병점구,기산동,동탄지성로255번길,31,14,,,0,,,1.0,0.0,31-14,41595,4430321,104,4159510400101210000,127.04821887489192,37.21759361514798,,,,,,,,,,False,,1.0,81.34,23.15,0.2846,0.6272,False,CHG_00050,-197.6,EXPANSION_OR_RECONSTRUCTION,"change_ratio=0.28 - 부분 변화, 증축/개축 추정 (건축물대장 미매칭, change_ratio 휴리스틱) - brightness_delta=-197.6(T2가 더 어두움)로 증축 기대 방향과 불일치, 재확인 권장",False,,,,,,,,0.6272,1.0,0.6363,MEDIUM,0.6505045350255864,0.039,HOT_95
lt_c_spbd.4108584904,415950030144,4159011900004490000025580,경기도,화성시 병점구,기산동,동탄지성로255번길,31,14,,,0,,,1.0,0.0,31-14,41595,4430321,104,4159510400101210000,127.04836437873341,37.217600928114734,,,,,,,,,,False,,1.0,15.05,0.48,0.0317,0.6272,False,CHG_00050,-197.6,EXPANSION_OR_RECONSTRUCTION,"change_ratio=0.03 - 부분 변화, 증축/개축 추정 (건축물대장 미매칭, change_ratio 휴리스틱) - brightness_delta=-197.6(T2가 더 어두움)로 증축 기대 방향과 불일치, 재확인 권장",False,,,,,,,,0.6272,1.0,0.5604,MEDIUM,0.6505045350255864,0.033,HOT_95
lt_c_spbd.4108584903,415950030143,4159011900001210001025541,경기도,화성시 병점구,기산동,동탄지성로255번길,31,14,,,0,,,1.0,0.0,31-14,41595,4430321,104,4159510400101210000,127.04803943099024,37.21765722527095,,,,,,,,,,False,,1.0,159.71,113.13,0.7084,0.6272,False,CHG_00050,-197.6,NEW_BUILDING,"change_ratio=0.71 >= 0.5 - 신축 추정 (건축물대장 미매칭, change_ratio 휴리스틱) - brightness_delta=-197.6(T2가 더 어두움)로 신축 기대 방향과 불일치, 재확인 권장",False,,,,,,,,0.6272,1.0,0.7634,HIGH,0.6505045350255864,0.079,HOT_90
lt_c_spbd.4108584898,415950030139,4159011900001210000025488,경기도,화성시 병점구,기산동,동탄지성로255번길,31,14,,,0,,,1.0,0.0,31-14,41595,4430321,104,4159510400101210000,127.04808135284165,37.21770612437608,,,,,,,,,,False,,1.0,161.05,157.08,0.9754,0.6272,False,CHG_00050,-197.6,NEW_BUILDING,"change_ratio=0.98 >= 0.5 - 신축 추정 (건축물대장 미매칭, change_ratio 휴리스틱) - brightness_delta=-197.6(T2가 더 어두움)로 신축 기대 방향과 불일치, 재확인 권장",False,,,,,,,,0.6272,1.0,0.8435,HIGH,0.6505045350255864,0.111,NOT_SIG
lt_c_spbd.4108584897,415950033056,4159011900001210000025501,경기도,화성시 병점구,기산동,동탄지성로255번길,31,14,,,0,,,1.0,0.0,31-14,41595,4430321,104,4159510400101210000,127.04813447490363,37.21774903846075,,,,,,,,,,False,,1.0,167.11,167.11,1.0,0.6272,False,CHG_00050,-197.6,NEW_BUILDING,"change_ratio=1.00 >= 0.5 - 신축 추정 (건축물대장 미매칭, change_ratio 휴리스틱) - brightness_delta=-197.6(T2가 더 어두움)로 신축 기대 방향과 불일치, 재확인 권장",False,,,,,,,,0.6272,1.0,0.8509,HIGH,0.6505045350255864,0.111,NOT_SIG
lt_c_spbd.4108584901,415950030140,4159011900001210000025516,경기도,화성시 병점구,기산동,동탄지성로255번길,31,14,,,0,,,1.0,0.0,31-14,41595,4430321,104,4159510400101210000,127.04818676347664,37.21777018058292,,,,,,,,,,False,,1.0,99.35,99.35,1.0,0.6272,False,CHG_00050,-197.6,NEW_BUILDING,"change_ratio=1.00 >= 0.5 - 신축 추정 (건축물대장 미매칭, change_ratio 휴리스틱) - brightness_delta=-197.6(T2가 더 어두움)로 신축 기대 방향과 불일치, 재확인 권장",False,,,,,,,,0.6272,1.0,0.8509,HIGH,0.6505045350255864,0.111,NOT_SIG
lt_c_spbd.4108586639,415950111687,4159011600102190004000001,경기도,화성시 병점구,진안동,병점중앙로,283,15,,,0,,,1.0,0.0,283-15,41595,3210053,101,4159510100102190004,127.0400446501973,37.219181327548185,,,,,,,,,,False,,1.0,62.22,0.0,0.0,,True,,,OTHER_CHANGE,"건물 본체 미교차, 버퍼 내 변화만 존재",,,,,,,,,0.0,0.3,0.23,LOW,-0.02388515860511398,0.537,NOT_SIG
lt_c_spbd.4108584269,415950507737,4159510100106920030000001,경기도,화성시 병점구,진안동,진안북길,6,11,,,0,,,1.0,0.0,6-11,41595,4431225,101,4159510100106920030,127.03666879620917,37.2203613551101,,,,,,,,,,False,,1.0,186.8,117.77,0.6305,0.6882,False,CHG_00046,-90.08,NEW_BUILDING,"change_ratio=0.63 >= 0.5 - 신축 추정 (건축물대장 미매칭, change_ratio 휴리스틱) - brightness_delta=-90.1(T2가 더 어두움)로 신축 기대 방향과 불일치, 재확인 권장",False,,,,,,,,0.6882,1.0,0.7644,HIGH,-0.1340114185241975,0.421,NOT_SIG
lt_c_spbd.4108585120,415950032298,4159011600000700000030997,경기도,화성시 병점구,진안동,진안북길,26,7,,,0,,,1.0,0.0,26-7,41595,4431225,101,4159510100100700000,127.03699379348504,37.222604191756076,,동물및식물관련시설,876.8,913.9,2.0,0.0,20060712,20070312,20080526,True,road_address,0.6,330.13,61.4,0.186,0.7559,False,CHG_00039,-241.55,EXPANSION_OR_RECONSTRUCTION,사용승인일=2008-05-26로 T1 이전부터 존재 - 증축/개축 확정(건축물대장 근거),,,,,,,,,0.7559,1.0,0.5782,MEDIUM,0.04748307294438924,0.887,NOT_SIG
lt_c_spbd.4108584281,415950032305,4159011600100830000000001,경기도,화성시 병점구,진안동,진안북길,36,0,,,0,,,1.0,0.0,36,41595,4431225,101,4159510100100830000,127.03648785711752,37.22281795173315,,,,,,,,,,False,,1.0,215.59,0.06,0.0003,0.7559,False,CHG_00039,-241.55,EXPANSION_OR_RECONSTRUCTION,"change_ratio=0.00 - 부분 변화, 증축/개축 추정 (건축물대장 미매칭, change_ratio 휴리스틱) - brightness_delta=-241.6(T2가 더 어두움)로 증축 기대 방향과 불일치, 재확인 권장",False,,,,,,,,0.7559,1.0,0.6024,MEDIUM,0.04748307294438924,0.921,NOT_SIG
lt_c_spbd.4108582587,415950490399,4159012100104490001000001,경기도,화성시 병점구,반정동,경기대로1250번길,24,0,,,0,,,1.0,0.0,24,41595,4430037,106,4159510600104490001,127.02806024377996,37.226163162475245,,,,,,,,,,False,,1.0,263.74,13.43,0.0509,0.9711,False,CHG_00035,323.35,EXPANSION_OR_RECONSTRUCTION,"change_ratio=0.05 - 부분 변화, 증축/개축 추정 (건축물대장 미매칭, change_ratio 휴리스틱)",True,,,,,,,,0.9711,1.0,0.7037,HIGH,0.8229109370833753,0.013,HOT_95
lt_c_spbd.4108582594,415950029893,4159012100003580006030886,경기도,화성시 병점구,반정동,경기대로1250번길,68,0,,,0,,,1.0,0.0,68,41595,4430037,106,4159510600103580006,127.03266562161016,37.227496667122836,,,,,,,,,,False,,1.0,271.14,271.14,1.0,0.8642,False,CHG_00031,78.89,NEW_BUILDING,"change_ratio=1.00 >= 0.5 - 신축 추정 (건축물대장 미매칭, change_ratio 휴리스틱)",True,,,,,,,,0.8642,1.0,0.9457,HIGH,0.6862554749871815,0.103,NOT_SIG
lt_c_spbd.4108582592,415950029892,4159012100003580006030885,경기도,화성시 병점구,반정동,경기대로1250번길,68,0,,,0,,,1.0,0.0,68,41595,4430037,106,4159510600103580006,127.03279739688051,37.227540501867956,,,,,,,,,,False,,1.0,305.0,305.0,1.0,0.8642,False,CHG_00031,78.89,NEW_BUILDING,"change_ratio=1.00 >= 0.5 - 신축 추정 (건축물대장 미매칭, change_ratio 휴리스틱)",True,,,,,,,,0.8642,1.0,0.9457,HIGH,0.6862554749871815,0.103,NOT_SIG
lt_c_spbd.4108582593,415950029894,4159012100003580006030887,경기도,화성시 병점구,반정동,경기대로1250번길,68,0,,,0,,,1.0,0.0,68,41595,4430037,106,4159510600103580006,127.03264084845816,37.22779570629616,,,,,,,,,,False,,1.0,94.8,94.8,1.0,0.8642,False,CHG_00031,78.89,NEW_BUILDING,"change_ratio=1.00 >= 0.5 - 신축 추정 (건축물대장 미매칭, change_ratio 휴리스틱)",True,,,,,,,,0.8642,1.0,0.9457,HIGH,0.6862554749871815,0.103,NOT_SIG
lt_c_spbd.4108587132,415950135761,4159012100100930013000001,경기도,화성시 병점구,반정동,반정로,95,75,,,0,,,1.0,0.0,95-75,41595,3210136,106,4159510600100930013,127.03485500026665,37.23389574374067,,동물및식물관련시설,198.0,198.0,1.0,0.0,20180621, ,20180827,True,pnu,0.6,234.24,0.04,0.0002,0.5883,False,CHG_00005,-212.71,EXPANSION_OR_RECONSTRUCTION,사용승인일=2018-08-27로 T1 이전부터 존재 - 증축/개축 확정(건축물대장 근거),,,,,,,,,0.5883,1.0,0.4554,MEDIUM,-0.10213628139955999,0.919,NOT_SIG
lt_c_spbd.4108585835,415950125408,4159012100101920015000001,경기도,화성시 병점구,반정동,진안북길94번길,35,0,,,0,,,1.0,0.0,35,41595,4431228,106,4159510600101920015,127.03927236992917,37.22777749162472,,제1종근린생활시설,292.6,355.74,2.0,0.0,20161111,20161123,20170202,True,pnu,0.6,287.97,105.3,0.3657,0.7597,False,CHG_00030,9.81,EXPANSION_OR_RECONSTRUCTION,사용승인일=2017-02-02로 T1 이전부터 존재 - 증축/개축 확정(건축물대장 근거),,,,,,,,,0.7597,1.0,0.6336,MEDIUM,-0.3843348224422118,0.163,NOT_SIG
lt_c_spbd.4108585834,415950031001,4159012100001920014022378,경기도,화성시 병점구,반정동,진안북길94번길,33,0,,,0,,,2.0,0.0,33,41595,4431228,106,4159510600101920014,127.03909908089311,37.22782176858338,,단독주택,103.98,165.64,2.0,0.0, , ,20040317,True,pnu,0.6,111.06,0.0,0.0,,True,,,OTHER_CHANGE,"건물 본체 미교차, 버퍼 내 변화만 존재",,,,,,,,,0.0,0.3,0.15,LOW,-0.3843348224422118,0.629,NOT_SIG
lt_c_spbd.4108578934,415950126782,4159012000107800001000001,경기도,화성시 병점구,반월동,동탄지성로,376,0,,,0,,,1.0,0.0,376,41595,3177017,105,4159510500102570000,127.04808914226783,37.227405657850404,,창고시설,966.69,990.59,1.0,0.0,20180501,20181005,20190411,True,pnu,0.6,1168.86,34.48,0.0295,0.8679,False,CHG_00034,420.12,EXPANSION_OR_RECONSTRUCTION,사용승인일=2019-04-11로 T1 이전부터 존재 - 증축/개축 확정(건축물대장 근거),,,,,,,,,0.8679,1.0,0.576,MEDIUM,-0.3696335013365094,0.241,NOT_SIG
lt_c_spbd.4108585836,415950031000,4159012100001920013022611,경기도,화성시 병점구,반정동,진안북길94번길,39,0,,,0,,,1.0,0.0,39,41595,4431228,106,4159510600101920013,127.03960260035791,37.227784801654636,,창고시설,190.0,190.0,1.0,0.0, , ,20040219,True,pnu,0.6,174.1,71.95,0.4133,0.7597,False,CHG_00030,9.81,EXPANSION_OR_RECONSTRUCTION,사용승인일=2004-02-19로 T1 이전부터 존재 - 증축/개축 확정(건축물대장 근거),,,,,,,,,0.7597,1.0,0.6479,MEDIUM,-0.3843348224422118,0.181,NOT_SIG
lt_c_spbd.4108585097,415950031520,4159012000001420001029193,경기도,화성시 병점구,반월동,영통로27번길,19,9,,,0,,,1.0,0.0,19-9,41595,4430968,105,4159510500101420001,127.06264915492852,37.23193545595871,,단독주택,83.57,83.57,1.0,0.0, , ,1985    ,True,pnu,0.6,21.29,13.21,0.6206,0.7482,False,CHG_00014,-125.88,NEW_BUILDING,"change_ratio=0.62 >= 0.5 - 신축 추정 (건축물대장 미매칭, change_ratio 휴리스틱) - brightness_delta=-125.9(T2가 더 어두움)로 신축 기대 방향과 불일치, 재확인 권장",False,,,,,,,,0.7482,1.0,0.7055,HIGH,-0.595098307748517,0.027,COLD_95
lt_c_spbd.4108585096,415950031519,4159012000001420001029171,경기도,화성시 병점구,반월동,영통로27번길,19,9,,,0,,,1.0,0.0,19-9,41595,4430968,105,4159510500101420001,127.06262112374606,37.2320217851794,,단독주택,83.57,83.57,1.0,0.0, , ,1985    ,True,pnu,0.6,88.71,0.0,0.0,,True,,,OTHER_CHANGE,"건물 본체 미교차, 버퍼 내 변화만 존재",,,,,,,,,0.0,0.3,0.15,LOW,-0.595098307748517,0.247,NOT_SIG
lt_c_spbd.4108587282,415950031526,4159012000001440003029100,경기도,화성시 병점구,반월동,영통로27번길,25,11,,,0,,,3.0,0.0,25-11,41595,4430968,105,4159510500101440003,127.0622653661523,37.231736444363094,,단독주택,238.0,589.05,3.0,0.0,19960923,19961002,19970428,True,pnu,0.6,223.92,0.0,0.0,,True,,,OTHER_CHANGE,"건물 본체 미교차, 버퍼 내 변화만 존재",,,,,,,,,0.0,0.3,0.15,LOW,-0.595098307748517,0.247,NOT_SIG
lt_c_spbd.4108582619,415950437859,4159012100100920003000001,경기도,화성시 병점구,반정동,덕영대로1376번길,115,0,,,0,,,1.0,0.0,115,41595,4430284,106,4159510600100920003,127.03628471217888,37.235588916109094,,,,,,,,,,False,,1.0,118.17,79.44,0.6723,0.6186,False,CHG_00002,-129.39,NEW_BUILDING,"change_ratio=0.67 >= 0.5 - 신축 추정 (건축물대장 미매칭, change_ratio 휴리스틱) - brightness_delta=-129.4(T2가 더 어두움)로 신축 기대 방향과 불일치, 재확인 권장",False,,,,,,,,0.6186,1.0,0.7491,HIGH,-0.09719129157309665,0.503,NOT_SIG
lt_c_spbd.4108585020,415950031346,4159012100000720008022509,경기도,화성시 병점구,반정동,반정로153번길,30,0,,,0,,,1.0,0.0,30,41595,4430489,106,4159510600100720007,127.03932993148103,37.2365986527693,,단독주택,131.58,98.48,1.0,0.0,19960724,19960724,19970227,True,pnu,0.6,181.12,9.45,0.0522,0.6191,False,CHG_00001,-289.26,EXPANSION_OR_RECONSTRUCTION,사용승인일=1997-02-27로 T1 이전부터 존재 - 증축/개축 확정(건축물대장 근거),,,,,,,,,0.6191,1.0,0.4833,MEDIUM,-0.05489158130077846,0.991,NOT_SIG
lt_c_spbd.4108585019,415950031345,4159012100000720007022434,경기도,화성시 병점구,반정동,반정로153번길,30,0,,,0,,,1.0,0.0,30,41595,4430489,106,4159510600100720007,127.03926231488242,37.23673583733455,,단독주택,131.58,98.48,1.0,0.0,19960724,19960724,19970227,True,pnu,0.6,142.33,27.48,0.1931,0.6191,False,CHG_00001,-289.26,EXPANSION_OR_RECONSTRUCTION,사용승인일=1997-02-27로 T1 이전부터 존재 - 증축/개축 확정(건축물대장 근거),,,,,,,,,0.6191,1.0,0.5256,MEDIUM,-0.05489158130077846,0.927,NOT_SIG
,,,,,,,,,,,,,,,,,,,,,,,,,,,,,,,,,,1.0,,900.05,0.0,0.6814,,CHG_00003,-351.33,DEMOLITION,"건물과 미교차 + mean_change_score=0.60 >= 0.6 - 철거 추정 (T1 건물 유무 미확인, 이미지 변화 강도 기반 추정)",,CHG_00003,0.6025,2023-09-09,2026-09-08,ensemble,1742.19,1390.85,0.6814,1.0,0.5726,MEDIUM,-0.05489158130077846,0.861,NOT_SIG
,,,,,,,,,,,,,,,,,,,,,,,,,,,,,,,,,,1.0,,900.05,0.0,0.6564,,CHG_00004,-143.85,DEMOLITION,"건물과 미교차 + mean_change_score=0.62 >= 0.6 - 철거 추정 (T1 건물 유무 미확인, 이미지 변화 강도 기반 추정)",,CHG_00004,0.6184,2023-09-09,2026-09-08,ensemble,1692.0,1548.15,0.6564,1.0,0.5626,MEDIUM,-0.13214034129256305,0.703,NOT_SIG
,,,,,,,,,,,,,,,,,,,,,,,,,,,,,,,,,,1.0,,1800.11,0.0,0.9788,,CHG_00006,631.65,OTHER_CHANGE,"건물과 미교차 + mean_change_score=0.76 >= 0.6 이지만 brightness_delta=+631.6(T2가 더 밝음)로 철거(어두워짐/무변화 예상) 방향과 불일치 - 건물 미등록 신축 등 다른 원인 가능성, 재확인 필요",,CHG_00006,0.7564,2023-09-09,2026-09-08,ensemble,1739.74,2371.39,0.9788,0.3,0.6215,MEDIUM,-0.10213628139955999,0.689,NOT_SIG
,,,,,,,,,,,,,,,,,,,,,,,,,,,,,,,,,,1.0,,4300.26,0.0,0.8059,,CHG_00007,-222.53,DEMOLITION,"건물과 미교차 + mean_change_score=0.63 >= 0.6 - 철거 추정 (T1 건물 유무 미확인, 이미지 변화 강도 기반 추정)",,CHG_00007,0.6265,2023-09-09,2026-09-08,ensemble,1857.98,1635.44,0.8059,1.0,0.6224,MEDIUM,-0.34671280524898135,0.233,NOT_SIG
,,,,,,,,,,,,,,,,,,,,,,,,,,,,,,,,,,1.0,,6100.37,0.0,0.7355,,CHG_00008,-230.25,DEMOLITION,"건물과 미교차 + mean_change_score=0.60 >= 0.6 - 철거 추정 (T1 건물 유무 미확인, 이미지 변화 강도 기반 추정)",,CHG_00008,0.6,2023-09-09,2026-09-08,ensemble,1856.89,1626.64,0.7355,1.0,0.5942,MEDIUM,-0.17804855765446215,0.535,NOT_SIG
,,,,,,,,,,,,,,,,,,,,,,,,,,,,,,,,,,1.0,,1200.07,0.0,0.5433,,CHG_00009,-192.83,OTHER_CHANGE,"건물과 미교차, 변화강도/면적 기준 미달 - 토지조성/기타 추정",,CHG_00009,0.5231,2023-09-09,2026-09-08,ensemble,1727.69,1534.86,0.5433,0.3,0.4473,MEDIUM,-0.34671280524898135,0.371,NOT_SIG
,,,,,,,,,,,,,,,,,,,,,,,,,,,,,,,,,,1.0,,900.05,0.0,0.5599,,CHG_00010,-264.7,OTHER_CHANGE,"건물과 미교차, 변화강도/면적 기준 미달 - 토지조성/기타 추정",,CHG_00010,0.5346,2023-09-09,2026-09-08,ensemble,1724.22,1459.52,0.5599,0.3,0.454,MEDIUM,-0.24467227193803384,0.563,NOT_SIG
,,,,,,,,,,,,,,,,,,,,,,,,,,,,,,,,,,1.0,,900.05,0.0,0.6258,,CHG_00011,-244.22,OTHER_CHANGE,"건물과 미교차, 변화강도/면적 기준 미달 - 토지조성/기타 추정",,CHG_00011,0.5601,2023-09-09,2026-09-08,ensemble,1818.59,1574.37,0.6258,0.3,0.4803,MEDIUM,-0.3137684811348382,0.401,NOT_SIG
,,,,,,,,,,,,,,,,,,,,,,,,,,,,,,,,,,1.0,,9600.58,0.0,0.8279,,CHG_00012,-75.38,DEMOLITION,"건물과 미교차 + mean_change_score=0.65 >= 0.6 - 철거 추정 (T1 건물 유무 미확인, 이미지 변화 강도 기반 추정)",,CHG_00012,0.6456,2023-09-09,2026-09-08,ensemble,1815.96,1740.58,0.8279,1.0,0.6312,MEDIUM,-0.2673924954650293,0.323,NOT_SIG
,,,,,,,,,,,,,,,,,,,,,,,,,,,,,,,,,,1.0,,4000.24,0.0,0.6083,,CHG_00013,-300.89,OTHER_CHANGE,"건물과 미교차, 변화강도/면적 기준 미달 - 토지조성/기타 추정",,CHG_00013,0.5564,2023-09-09,2026-09-08,ensemble,1855.02,1554.12,0.6083,0.3,0.4733,MEDIUM,-0.2974633795448761,0.437,NOT_SIG
,,,,,,,,,,,,,,,,,,,,,,,,,,,,,,,,,,1.0,,2400.14,0.0,0.6353,,CHG_00015,-259.72,OTHER_CHANGE,"건물과 미교차, 변화강도/면적 기준 미달 - 토지조성/기타 추정",,CHG_00015,0.5553,2023-09-09,2026-09-08,ensemble,1692.43,1432.71,0.6353,0.3,0.4841,MEDIUM,-0.10561113911545289,0.855,NOT_SIG
,,,,,,,,,,,,,,,,,,,,,,,,,,,,,,,,,,1.0,,6400.38,0.0,0.7454,,CHG_00016,-197.86,OTHER_CHANGE,"건물과 미교차, 변화강도/면적 기준 미달 - 토지조성/기타 추정",,CHG_00016,0.5673,2023-09-09,2026-09-08,ensemble,1858.55,1660.69,0.7454,0.3,0.5282,MEDIUM,-0.16461689609879757,0.651,NOT_SIG
,,,,,,,,,,,,,,,,,,,,,,,,,,,,,,,,,,1.0,,6100.37,0.0,0.6324,,CHG_00017,-145.74,OTHER_CHANGE,"건물과 미교차, 변화강도/면적 기준 미달 - 토지조성/기타 추정",,CHG_00017,0.5521,2023-09-09,2026-09-08,ensemble,1821.81,1676.07,0.6324,0.3,0.483,MEDIUM,-0.35145732251491285,0.333,NOT_SIG
,,,,,,,,,,,,,,,,,,,,,,,,,,,,,,,,,,1.0,,1200.07,0.0,0.5577,,CHG_00018,-276.28,OTHER_CHANGE,"건물과 미교차, 변화강도/면적 기준 미달 - 토지조성/기타 추정",,CHG_00018,0.5408,2023-09-09,2026-09-08,ensemble,1749.03,1472.75,0.5577,0.3,0.4531,MEDIUM,-0.26344986844122736,0.537,NOT_SIG
,,,,,,,,,,,,,,,,,,,,,,,,,,,,,,,,,,1.0,,2400.14,0.0,0.7136,,CHG_00019,-242.46,OTHER_CHANGE,"건물과 미교차, 변화강도/면적 기준 미달 - 토지조성/기타 추정",,CHG_00019,0.5757,2023-09-09,2026-09-08,ensemble,1807.56,1565.1,0.7136,0.3,0.5154,MEDIUM,-0.26344986844122736,0.449,NOT_SIG
,,,,,,,,,,,,,,,,,,,,,,,,,,,,,,,,,,1.0,,1500.09,0.0,0.7132,,CHG_00020,-217.67,OTHER_CHANGE,"건물과 미교차, 변화강도/면적 기준 미달 - 토지조성/기타 추정",,CHG_00020,0.5759,2023-09-09,2026-09-08,ensemble,1831.73,1614.07,0.7132,0.3,0.5153,MEDIUM,-0.26344986844122736,0.451,NOT_SIG
,,,,,,,,,,,,,,,,,,,,,,,,,,,,,,,,,,1.0,,4700.28,0.0,0.8734,,CHG_00021,-373.32,DEMOLITION,"건물과 미교차 + mean_change_score=0.68 >= 0.6 - 철거 추정 (T1 건물 유무 미확인, 이미지 변화 강도 기반 추정)",,CHG_00021,0.6806,2023-09-09,2026-09-08,ensemble,1876.26,1502.94,0.8734,1.0,0.6494,MEDIUM,-0.3831319870790182,0.151,NOT_SIG
,,,,,,,,,,,,,,,,,,,,,,,,,,,,,,,,,,1.0,,900.05,0.0,0.7248,,CHG_00022,-46.15,OTHER_CHANGE,"건물과 미교차, 변화강도/면적 기준 미달 - 토지조성/기타 추정",,CHG_00022,0.5729,2023-09-09,2026-09-08,ensemble,2271.78,2225.63,0.7248,0.3,0.5199,MEDIUM,-0.595098307748517,0.057,COLD_90
,,,,,,,,,,,,,,,,,,,,,,,,,,,,,,,,,,1.0,,1500.09,0.0,0.7419,,CHG_00023,-160.29,DEMOLITION,"건물과 미교차 + mean_change_score=0.66 >= 0.6 - 철거 추정 (T1 건물 유무 미확인, 이미지 변화 강도 기반 추정)",,CHG_00023,0.6586,2023-09-09,2026-09-08,ensemble,1801.82,1641.53,0.7419,1.0,0.5968,MEDIUM,-0.3729078864918709,0.187,NOT_SIG
,,,,,,,,,,,,,,,,,,,,,,,,,,,,,,,,,,1.0,,3200.19,0.0,0.8052,,CHG_00024,38.42,OTHER_CHANGE,"건물과 미교차 + mean_change_score=0.66 >= 0.6 이지만 brightness_delta=+38.4(T2가 더 밝음)로 철거(어두워짐/무변화 예상) 방향과 불일치 - 건물 미등록 신축 등 다른 원인 가능성, 재확인 필요",,CHG_00024,0.6571,2023-09-09,2026-09-08,ensemble,1903.8,1942.22,0.8052,0.3,0.5521,MEDIUM,-0.34170099123567377,0.289,NOT_SIG
,,,,,,,,,,,,,,,,,,,,,,,,,,,,,,,,,,1.0,,9400.57,0.0,0.6828,,CHG_00025,-165.55,OTHER_CHANGE,"건물과 미교차, 변화강도/면적 기준 미달 - 토지조성/기타 추정",,CHG_00025,0.5698,2023-09-09,2026-09-08,ensemble,1706.83,1541.28,0.6828,0.3,0.5031,MEDIUM,0.4766948250440708,0.091,HOT_90
,,,,,,,,,,,,,,,,,,,,,,,,,,,,,,,,,,1.0,,900.05,0.0,0.54,,CHG_00026,-275.81,OTHER_CHANGE,"건물과 미교차, 변화강도/면적 기준 미달 - 토지조성/기타 추정",,CHG_00026,0.527,2023-09-09,2026-09-08,ensemble,1745.52,1469.7,0.54,0.3,0.446,MEDIUM,-0.5145751626013705,0.137,NOT_SIG
,,,,,,,,,,,,,,,,,,,,,,,,,,,,,,,,,,1.0,,1200.07,0.0,0.634,,CHG_00027,1200.78,OTHER_CHANGE,"건물과 미교차 + mean_change_score=0.60 >= 0.6 이지만 brightness_delta=+1200.8(T2가 더 밝음)로 철거(어두워짐/무변화 예상) 방향과 불일치 - 건물 미등록 신축 등 다른 원인 가능성, 재확인 필요",,CHG_00027,0.6015,2023-09-09,2026-09-08,ensemble,1878.92,3079.69,0.634,0.3,0.4836,MEDIUM,0.5496000128909887,0.055,HOT_90
,,,,,,,,,,,,,,,,,,,,,,,,,,,,,,,,,,1.0,,5100.31,0.0,0.8825,,CHG_00028,-18.11,DEMOLITION,"건물과 미교차 + mean_change_score=0.69 >= 0.6 - 철거 추정 (T1 건물 유무 미확인, 이미지 변화 강도 기반 추정)",,CHG_00028,0.6872,2023-09-09,2026-09-08,ensemble,1684.98,1666.87,0.8825,1.0,0.653,MEDIUM,0.5395095606775286,0.113,NOT_SIG
,,,,,,,,,,,,,,,,,,,,,,,,,,,,,,,,,,1.0,,900.05,0.0,0.5322,,CHG_00029,-217.63,OTHER_CHANGE,"건물과 미교차, 변화강도/면적 기준 미달 - 토지조성/기타 추정",,CHG_00029,0.5146,2023-09-09,2026-09-08,ensemble,1635.22,1417.59,0.5322,0.3,0.4429,MEDIUM,0.6696830766498435,0.011,HOT_95
,,,,,,,,,,,,,,,,,,,,,,,,,,,,,,,,,,1.0,,1600.1,0.0,0.8433,,CHG_00032,84.42,OTHER_CHANGE,"건물과 미교차 + mean_change_score=0.68 >= 0.6 이지만 brightness_delta=+84.4(T2가 더 밝음)로 철거(어두워짐/무변화 예상) 방향과 불일치 - 건물 미등록 신축 등 다른 원인 가능성, 재확인 필요",,CHG_00032,0.68,2023-09-09,2026-09-08,ensemble,1685.71,1770.12,0.8433,0.3,0.5673,MEDIUM,0.7349034830096901,0.019,HOT_95
,,,,,,,,,,,,,,,,,,,,,,,,,,,,,,,,,,1.0,,6400.38,0.0,0.816,,CHG_00033,71.63,OTHER_CHANGE,"건물과 미교차, 변화강도/면적 기준 미달 - 토지조성/기타 추정",,CHG_00033,0.5759,2023-09-09,2026-09-08,ensemble,1713.23,1784.86,0.816,0.3,0.5564,MEDIUM,0.8229109370833753,0.007,HOT_99
,,,,,,,,,,,,,,,,,,,,,,,,,,,,,,,,,,1.0,,1800.11,0.0,0.6957,,CHG_00036,-55.5,DEMOLITION,"건물과 미교차 + mean_change_score=0.62 >= 0.6 - 철거 추정 (T1 건물 유무 미확인, 이미지 변화 강도 기반 추정)",,CHG_00036,0.6162,2023-09-09,2026-09-08,ensemble,1844.61,1789.11,0.6957,1.0,0.5783,MEDIUM,0.04748307294438924,0.881,NOT_SIG
,,,,,,,,,,,,,,,,,,,,,,,,,,,,,,,,,,1.0,,1800.11,0.0,0.7716,,CHG_00037,29.04,OTHER_CHANGE,"건물과 미교차, 변화강도/면적 기준 미달 - 토지조성/기타 추정",,CHG_00037,0.5971,2023-09-09,2026-09-08,ensemble,1771.56,1800.59,0.7716,0.3,0.5386,MEDIUM,0.04748307294438924,0.827,NOT_SIG
,,,,,,,,,,,,,,,,,,,,,,,,,,,,,,,,,,1.0,,900.05,0.0,0.6185,,CHG_00038,-104.15,OTHER_CHANGE,"건물과 미교차, 변화강도/면적 기준 미달 - 토지조성/기타 추정",,CHG_00038,0.5527,2023-09-09,2026-09-08,ensemble,1723.41,1619.26,0.6185,0.3,0.4774,MEDIUM,0.04748307294438924,0.719,NOT_SIG
,,,,,,,,,,,,,,,,,,,,,,,,,,,,,,,,,,1.0,,900.05,0.0,0.5448,,CHG_00040,-244.78,OTHER_CHANGE,"건물과 미교차, 변화강도/면적 기준 미달 - 토지조성/기타 추정",,CHG_00040,0.5351,2023-09-09,2026-09-08,ensemble,1658.67,1413.89,0.5448,0.3,0.4479,MEDIUM,0.04748307294438924,0.677,NOT_SIG
,,,,,,,,,,,,,,,,,,,,,,,,,,,,,,,,,,1.0,,4900.29,0.0,0.837,,CHG_00041,-3.33,DEMOLITION,"건물과 미교차 + mean_change_score=0.63 >= 0.6 - 철거 추정 (T1 건물 유무 미확인, 이미지 변화 강도 기반 추정)",,CHG_00041,0.6342,2023-09-09,2026-09-08,ensemble,1627.21,1623.88,0.837,1.0,0.6348,MEDIUM,-0.057497724587698334,0.765,NOT_SIG
,,,,,,,,,,,,,,,,,,,,,,,,,,,,,,,,,,1.0,,1500.09,0.0,0.7978,,CHG_00042,-9.51,DEMOLITION,"건물과 미교차 + mean_change_score=0.67 >= 0.6 - 철거 추정 (T1 건물 유무 미확인, 이미지 변화 강도 기반 추정)",,CHG_00042,0.6738,2023-09-09,2026-09-08,ensemble,1929.11,1919.6,0.7978,1.0,0.6191,MEDIUM,0.6636688998338749,0.043,HOT_95
,,,,,,,,,,,,,,,,,,,,,,,,,,,,,,,,,,1.0,,900.05,0.0,0.7514,,CHG_00043,-251.89,DEMOLITION,"건물과 미교차 + mean_change_score=0.64 >= 0.6 - 철거 추정 (T1 건물 유무 미확인, 이미지 변화 강도 기반 추정)",,CHG_00043,0.6395,2023-09-09,2026-09-08,ensemble,1642.11,1390.22,0.7514,1.0,0.6006,MEDIUM,0.04748307294438924,0.949,NOT_SIG
,,,,,,,,,,,,,,,,,,,,,,,,,,,,,,,,,,1.0,,4200.25,0.0,0.949,,CHG_00044,176.15,OTHER_CHANGE,"건물과 미교차 + mean_change_score=0.77 >= 0.6 이지만 brightness_delta=+176.2(T2가 더 밝음)로 철거(어두워짐/무변화 예상) 방향과 불일치 - 건물 미등록 신축 등 다른 원인 가능성, 재확인 필요",,CHG_00044,0.7689,2023-09-09,2026-09-08,ensemble,1630.19,1806.34,0.949,0.3,0.6096,MEDIUM,0.10374903826712524,0.803,NOT_SIG
,,,,,,,,,,,,,,,,,,,,,,,,,,,,,,,,,,1.0,,2800.17,0.0,0.8674,,CHG_00045,-21.0,DEMOLITION,"건물과 미교차 + mean_change_score=0.67 >= 0.6 - 철거 추정 (T1 건물 유무 미확인, 이미지 변화 강도 기반 추정)",,CHG_00045,0.6728,2023-09-09,2026-09-08,ensemble,1715.42,1694.42,0.8674,1.0,0.647,MEDIUM,-0.1340114185241975,0.57,NOT_SIG
,,,,,,,,,,,,,,,,,,,,,,,,,,,,,,,,,,1.0,,3300.2,0.0,0.7801,,CHG_00047,-2.13,OTHER_CHANGE,"건물과 미교차, 변화강도/면적 기준 미달 - 토지조성/기타 추정",,CHG_00047,0.5836,2023-09-09,2026-09-08,ensemble,1730.41,1728.28,0.7801,0.3,0.542,MEDIUM,0.06585972432651756,0.785,NOT_SIG
,,,,,,,,,,,,,,,,,,,,,,,,,,,,,,,,,,1.0,,2100.13,0.0,0.7883,,CHG_00048,-351.86,DEMOLITION,"건물과 미교차 + mean_change_score=0.65 >= 0.6 - 철거 추정 (T1 건물 유무 미확인, 이미지 변화 강도 기반 추정)",,CHG_00048,0.6474,2023-09-09,2026-09-08,ensemble,2138.16,1786.3,0.7883,1.0,0.6153,MEDIUM,-0.02388515860511398,0.862,NOT_SIG
,,,,,,,,,,,,,,,,,,,,,,,,,,,,,,,,,,1.0,,4800.29,0.0,0.8555,,CHG_00049,-238.76,DEMOLITION,"건물과 미교차 + mean_change_score=0.63 >= 0.6 - 철거 추정 (T1 건물 유무 미확인, 이미지 변화 강도 기반 추정)",,CHG_00049,0.6286,2023-09-09,2026-09-08,ensemble,2258.38,2019.62,0.8555,1.0,0.6422,MEDIUM,0.5302878228930423,0.115,NOT_SIG
,,,,,,,,,,,,,,,,,,,,,,,,,,,,,,,,,,1.0,,900.05,0.0,0.7484,,CHG_00052,-335.85,DEMOLITION,"건물과 미교차 + mean_change_score=0.69 >= 0.6 - 철거 추정 (T1 건물 유무 미확인, 이미지 변화 강도 기반 추정)",,CHG_00052,0.686,2023-09-09,2026-09-08,ensemble,1911.11,1575.26,0.7484,1.0,0.5994,MEDIUM,0.6505045350255864,0.045,HOT_95
