id,pk,bd_mgt_sn,sido,sigungu,gu,rd_nm,bld_s,bld_e,buld_nm,buld_nm_dc,buld_se_cd,bul_eng_nm,zip_cd,gro_flo_co,und_flo_co,buld_no,sig_cd,rn_cd,emd_cd,pnu,xpos,ypos,poi_chk,mainPurpsCdNm,archArea,totArea,grndFlrCnt,ugrndFlrCnt,pmsDay,stcnsDay,useAprDay,has_register_match,match_method,administrative_uncertainty,building_area_m2,change_area_m2,change_ratio,max_change_score,near_change,site_id,change_type,classification_note,change_id,mean_change_score,t1_date,t2_date,method,confidence,building_relevance,priority_score,inspection_priority,gi_zscore,gi_pvalue,gi_class
lt_c_spbd.4107798705,412810032789,4128111300100010040002644,경기도,고양시 덕양구,용두동,서오릉로,307,33,,,0,,,1.0,0.0,307-33,41281,3000007,113,4128111300100010040,126.90245631712807,37.618634274478175,,,,,,,,,,False,,1.0,67.65,0.0,0.0,,True,,OTHER_CHANGE,"건물 본체 미교차, 버퍼 내 변화만 존재",,,,,,0.0,0.3,0.23,LOW,-0.897946746046193,0.031,COLD_95
lt_c_spbd.4107798707,412810032795,4128111300100010040027390,경기도,고양시 덕양구,용두동,서오릉로,307,33,,,0,,,1.0,0.0,307-33,41281,3000007,113,4128111300100010040,126.90261930220093,37.618733492739366,,,,,,,,,,False,,1.0,30.71,0.0,0.0,,True,,OTHER_CHANGE,"건물 본체 미교차, 버퍼 내 변화만 존재",,,,,,0.0,0.3,0.23,LOW,-0.897946746046193,0.031,COLD_95
lt_c_spbd.4107798822,412810136981,4128111300100860000000002,경기도,고양시 덕양구,용두동,봉산로,287,107,,,0,,,1.0,0.0,287-107,41281,3192030,113,4128111300100860000,126.88872519908884,37.6161244621139,,제2종근린생활시설,22.8,22.8,1.0,0.0,20220712,20250710,20260724,True,pnu,0.6,33.54,27.21,0.8113,1.0,False,CHG_00068,EXPANSION_OR_RECONSTRUCTION,사용승인일=2026-07-24로 T1 이전부터 존재 - 증축/개축 확정(건축물대장 근거),,,,,,1.0,1.0,0.8634,HIGH,0.6152976775445096,0.075,HOT_90
lt_c_spbd.4107798829,412810079625,4128111300100860004000001,경기도,고양시 덕양구,용두동,봉산로,287,111,,,0,,,1.0,0.0,287-111,41281,3192030,113,4128111300100860004,126.88848508676338,37.616447600974965,,,,,,,,,,False,,1.0,91.51,12.46,0.1362,1.0,False,CHG_00068,EXPANSION_OR_RECONSTRUCTION,"change_ratio=0.14 - 부분 변화, 증축/개축 추정 (건축물대장 미매칭, change_ratio 휴리스틱)",,,,,,1.0,1.0,0.7409,HIGH,0.40718795391719625,0.227,NOT_SIG
lt_c_spbd.4107798823,412810136980,4128111300100860000000001,경기도,고양시 덕양구,용두동,봉산로,287,107,,,0,,,1.0,0.0,287-107,41281,3192030,113,4128111300100860000,126.88863031612574,37.6165561968331,,제2종근린생활시설,22.8,22.8,1.0,0.0,20220712,20250710,20260724,True,pnu,0.6,165.06,165.06,1.0,1.0,False,CHG_00068,EXPANSION_OR_RECONSTRUCTION,사용승인일=2026-07-24로 T1 이전부터 존재 - 증축/개축 확정(건축물대장 근거),,,,,,1.0,1.0,0.92,HIGH,0.8281935332226291,0.003,HOT_99
lt_c_spbd.4107801156,412810083282,4128111300101800015000002,경기도,고양시 덕양구,용두동,화랑로286번길,44,107,,,0,,,1.0,0.0,44-107,41281,4376360,113,4128111300101800015,126.88399858017092,37.618883759933155,,제2종근린생활시설,412.0,491.08,2.0,0.0,20100915,20100916,20130513,True,pnu,0.6,453.01,21.78,0.0481,0.6667,False,CHG_00059,EXPANSION_OR_RECONSTRUCTION,사용승인일=2013-05-13로 T1 이전부터 존재 - 증축/개축 확정(건축물대장 근거),,,,,,0.6667,1.0,0.5011,MEDIUM,-0.13495027656499545,0.857,NOT_SIG
lt_c_spbd.4107801155,412810083280,4128111300101780002000001,경기도,고양시 덕양구,용두동,화랑로286번길,44,105,,,0,,,1.0,0.0,44-105,41281,4376360,113,4128111300101780002,126.88403223052468,37.61909565220866,,제2종근린생활시설,399.0,485.21,2.0,0.0,20100915,20100916,20130513,True,pnu,0.6,476.64,55.6,0.1166,0.6667,False,CHG_00059,EXPANSION_OR_RECONSTRUCTION,사용승인일=2013-05-13로 T1 이전부터 존재 - 증축/개축 확정(건축물대장 근거),,,,,,0.6667,1.0,0.5217,MEDIUM,-0.13495027656499545,0.825,NOT_SIG
lt_c_spbd.4107801030,412810035043,4128111300101790005000001,경기도,고양시 덕양구,용두동,화랑로286번길,44,111,,,0,,,2.0,0.0,44-111,41281,4376360,113,4128111300101790005,126.88390173134586,37.61931549952509,,제1종근린생활시설,208.23,284.31,2.0,0.0,20100708,20100713,20101021,True,pnu,0.6,192.35,130.62,0.6791,0.6667,False,CHG_00059,EXPANSION_OR_RECONSTRUCTION,사용승인일=2010-10-21로 T1 이전부터 존재 - 증축/개축 확정(건축물대장 근거),,,,,,0.6667,1.0,0.6904,MEDIUM,-0.13495027656499545,0.651,NOT_SIG
lt_c_spbd.4107801031,412810035042,4128111300101790000000002,경기도,고양시 덕양구,용두동,화랑로286번길,44,113,,,0,,,0.0,0.0,44-113,41281,4376360,113,4128111300101790000,126.88378180907159,37.61936084976548,,제1종근린생활시설,189.0,189.0,1.0,0.0,20100708,20100713,20101021,True,pnu,0.6,257.12,233.07,0.9064,0.6667,False,CHG_00059,EXPANSION_OR_RECONSTRUCTION,사용승인일=2010-10-21로 T1 이전부터 존재 - 증축/개축 확정(건축물대장 근거),,,,,,0.6667,1.0,0.7586,HIGH,-0.13495027656499545,0.601,NOT_SIG
lt_c_spbd.4107801032,412810035041,4128111300101790000000001,경기도,고양시 덕양구,용두동,화랑로286번길,44,113,,,0,,,0.0,0.0,44-113,41281,4376360,113,4128111300101790000,126.88367857461895,37.61943395747424,,제1종근린생활시설,189.0,189.0,1.0,0.0,20100708,20100713,20101021,True,pnu,0.6,190.07,125.42,0.6599,0.6667,False,CHG_00059,EXPANSION_OR_RECONSTRUCTION,사용승인일=2010-10-21로 T1 이전부터 존재 - 증축/개축 확정(건축물대장 근거),,,,,,0.6667,1.0,0.6846,MEDIUM,0.08212256708473652,0.787,NOT_SIG
lt_c_spbd.4107796615,412810094901,4128111300101920001000001,경기도,고양시 덕양구,용두동,화랑로286번길,42,65,,,0,,,1.0,0.0,42-65,41281,4376360,113,4128111300101920001,126.88319065633405,37.61958741101533,,제1종근린생활시설,197.01,197.01,1.0,0.0,20170123,20170329,20170816,True,pnu,0.6,178.91,80.64,0.4507,1.0,False,CHG_00056,EXPANSION_OR_RECONSTRUCTION,사용승인일=2017-08-16로 T1 이전부터 존재 - 증축/개축 확정(건축물대장 근거),,,,,,1.0,1.0,0.7552,HIGH,0.25768659276656986,0.499,NOT_SIG
lt_c_spbd.4107801020,412810035031,4128111300101760002032995,경기도,고양시 덕양구,용두동,화랑로286번길,44,84,,,0,,,1.0,0.0,44-84,41281,4376360,113,4128111300101760002,126.88378454124738,37.61988114395214,,단독주택,72.56,72.56,1.0,0.0,19850627, ,19860304,True,pnu,0.6,41.78,17.47,0.4181,1.0,False,CHG_00056,EXPANSION_OR_RECONSTRUCTION,사용승인일=1986-03-04로 T1 이전부터 존재 - 증축/개축 확정(건축물대장 근거),,,,,,1.0,1.0,0.7454,HIGH,0.39126318727542486,0.237,NOT_SIG
lt_c_spbd.4107796612,412810078150,4128111300101910001000001,경기도,고양시 덕양구,용두동,화랑로286번길,42,57,,,0,,,1.0,0.0,42-57,41281,4376360,113,4128111300101910001,126.88330430858926,37.619903894894215,,,,,,,,,,False,,1.0,134.62,134.62,1.0,1.0,False,CHG_00056,NEW_BUILDING,"change_ratio=1.00 >= 0.5 - 신축 추정 (건축물대장 미매칭, change_ratio 휴리스틱)",,,,,,1.0,1.0,1.0,HIGH,0.33322045858656085,0.541,NOT_SIG
lt_c_spbd.4107801015,412810035029,4128111300101760001003292,경기도,고양시 덕양구,용두동,화랑로286번길,44,80,,,0,,,1.0,0.0,44-80,41281,4376360,113,4128111300101760001,126.88395639043037,37.61990917428487,,단독주택,66.24,66.24,1.0,1.0, , , ,True,pnu,0.6,120.96,33.32,0.2754,1.0,False,CHG_00056,EXPANSION_OR_RECONSTRUCTION,"change_ratio=0.28 - 부분 변화, 증축/개축 추정 (건축물대장 미매칭, change_ratio 휴리스틱)",,,,,,1.0,1.0,0.7026,HIGH,0.4667100325126735,0.145,NOT_SIG
lt_c_spbd.4107801016,412810035028,4128111300101760000003291,경기도,고양시 덕양구,용두동,화랑로286번길,44,82,,,0,,,1.0,0.0,44-82,41281,4376360,113,4128111300101760000,126.88386161774667,37.6199650526809,,단독주택,91.08,91.08,1.0,1.0,19880109, ,19880630,True,pnu,0.6,104.21,104.21,1.0,1.0,False,CHG_00056,EXPANSION_OR_RECONSTRUCTION,사용승인일=1988-06-30로 T1 이전부터 존재 - 증축/개축 확정(건축물대장 근거),,,,,,1.0,1.0,0.92,HIGH,0.4667100325126735,0.237,NOT_SIG
lt_c_spbd.4107782625,412810079315,4128111300101010001000001,경기도,고양시 덕양구,용두동,화랑로286번길,269,0,,,0,,,1.0,0.0,269,41281,4376360,113,4128111300101010001,126.89204101192618,37.618940395986996,,,,,,,,,,False,,1.0,81.37,81.37,1.0,1.0,False,CHG_00065,NEW_BUILDING,"change_ratio=1.00 >= 0.5 - 신축 추정 (건축물대장 미매칭, change_ratio 휴리스틱)",,,,,,1.0,1.0,1.0,HIGH,0.3426186815226891,0.517,NOT_SIG
lt_c_spbd.4107798920,412810078130,4128111300101080001000004,경기도,고양시 덕양구,용두동,봉산로,307,38,,,0,,,1.0,0.0,307-38,41281,3192030,113,4128111300101080001,126.89220545954362,37.619536130666006,,,,,,,,,,False,,1.0,138.18,138.18,1.0,1.0,False,CHG_00065,NEW_BUILDING,"change_ratio=1.00 >= 0.5 - 신축 추정 (건축물대장 미매칭, change_ratio 휴리스틱)",,,,,,1.0,1.0,1.0,HIGH,0.34505525783946306,0.513,NOT_SIG
lt_c_spbd.4107798919,412810078129,4128111300101080001000003,경기도,고양시 덕양구,용두동,봉산로,307,38,,,0,,,1.0,0.0,307-38,41281,3192030,113,4128111300101080001,126.89225794982883,37.61964326461694,,,,,,,,,,False,,1.0,113.72,113.72,1.0,1.0,False,CHG_00065,NEW_BUILDING,"change_ratio=1.00 >= 0.5 - 신축 추정 (건축물대장 미매칭, change_ratio 휴리스틱)",,,,,,1.0,1.0,1.0,HIGH,0.34505525783946306,0.513,NOT_SIG
lt_c_spbd.4107776309,412810006458,4128111300101100000001351,경기도,고양시 덕양구,용두동,용두로,107,0,,,0,,,1.0,0.0,107,41281,3192055,113,4128111300101100000,126.89225779981004,37.62029258967698,,단독주택,195.0,191.6,1.0,0.0, , ,20001120,True,pnu,0.6,138.6,24.82,0.1791,1.0,False,CHG_00065,EXPANSION_OR_RECONSTRUCTION,사용승인일=2000-11-20로 T1 이전부터 존재 - 증축/개축 확정(건축물대장 근거),,,,,,1.0,1.0,0.6737,MEDIUM,0.3426186815226891,0.279,NOT_SIG
lt_c_spbd.4107776307,412810082796,4128111300101110000000001,경기도,고양시 덕양구,용두동,용두로,103,0,,,0,,,1.0,0.0,103,41281,3192055,113,4128111300101110000,126.89189324595827,37.62035751458828,,제2종근린생활시설,158.58,373.31,3.0,0.0,20110525,20110706,20121016,True,pnu,0.6,186.49,0.0,0.0,,True,,OTHER_CHANGE,"건물 본체 미교차, 버퍼 내 변화만 존재",,,,,,0.0,0.3,0.15,LOW,0.3426186815226891,0.051,HOT_90
lt_c_spbd.4107782622,412810078131,4128111300101200000000001,경기도,고양시 덕양구,용두동,화랑로286번길,236,0,,,0,,,1.0,0.0,236,41281,4376360,113,4128111300101200000,126.89050768288895,37.61975159331895,,,,,,,,,,False,,1.0,261.74,251.31,0.9602,1.0,False,CHG_00065,NEW_BUILDING,"change_ratio=0.96 >= 0.5 - 신축 추정 (건축물대장 미매칭, change_ratio 휴리스틱)",,,,,,1.0,1.0,0.9881,HIGH,0.3219512931214812,0.529,NOT_SIG
lt_c_spbd.4107806613,412810137246,4128111300101370000000003,경기도,고양시 덕양구,용두동,덕양로,222,1,,,0,,,1.0,0.0,222-1,41281,3351196,113,4128111300101370000,126.88920978102593,37.62080493701993,,,,,,,,,,False,,1.0,255.09,255.09,1.0,0.976,False,CHG_00053,NEW_BUILDING,"change_ratio=1.00 >= 0.5 - 신축 추정 (건축물대장 미매칭, change_ratio 휴리스틱)",,,,,,0.976,1.0,0.9904,HIGH,0.11636516639368324,0.963,NOT_SIG
lt_c_spbd.4107803134,412810082533,4128111300103400000000001,경기도,고양시 덕양구,용두동,용두로,96,30,,,0,,,1.0,0.0,96-30,41281,3192055,113,4128111300103400000,126.88955070195772,37.62091702719233,,,,,,,,,,False,,1.0,276.41,205.38,0.743,0.976,False,CHG_00053,NEW_BUILDING,"change_ratio=0.74 >= 0.5 - 신축 추정 (건축물대장 미매칭, change_ratio 휴리스틱)",,,,,,0.976,1.0,0.9133,HIGH,0.11636516639368324,0.941,NOT_SIG
lt_c_spbd.4107798918,412810078128,4128111300101080001000002,경기도,고양시 덕양구,용두동,봉산로,307,38,,,0,,,1.0,0.0,307-38,41281,3192030,113,4128111300101080001,126.89247524982,37.619656707929046,,,,,,,,,,False,,1.0,77.91,77.91,1.0,1.0,False,CHG_00065,NEW_BUILDING,"change_ratio=1.00 >= 0.5 - 신축 추정 (건축물대장 미매칭, change_ratio 휴리스틱)",,,,,,1.0,1.0,1.0,HIGH,0.34505525783946306,0.491,NOT_SIG
lt_c_spbd.4107798921,412810078127,4128111300101080001000001,경기도,고양시 덕양구,용두동,봉산로,307,38,,,0,,,1.0,0.0,307-38,41281,3192030,113,4128111300101080001,126.89256185025485,37.61975351070327,,,,,,,,,,False,,1.0,108.32,90.69,0.8372,1.0,False,CHG_00065,NEW_BUILDING,"change_ratio=0.84 >= 0.5 - 신축 추정 (건축물대장 미매칭, change_ratio 휴리스틱)",,,,,,1.0,1.0,0.9512,HIGH,0.34505525783946306,0.463,NOT_SIG
lt_c_spbd.4107798681,412810032775,4128111300100280001003221,경기도,고양시 덕양구,용두동,용두로,124,14,,,0,,,1.0,0.0,124-14,41281,3192055,113,4128111300100280001,126.89426135613171,37.62034829070812,,단독주택,57.47,57.47,1.0,0.0, , ,19851110,True,pnu,0.6,51.25,4.02,0.0784,0.9406,False,CHG_00051,EXPANSION_OR_RECONSTRUCTION,사용승인일=1985-11-10로 T1 이전부터 존재 - 증축/개축 확정(건축물대장 근거),,,,,,0.9406,1.0,0.6198,MEDIUM,0.015203738956196353,0.877,NOT_SIG
lt_c_spbd.4107802939,412810028386,4128111300100020097009436,경기도,고양시 덕양구,용두동,용두로,176,79,,,0,,,1.0,0.0,176-79,41281,3192055,113,4128111300100040006,126.89955416534093,37.6201055040778,,,,,,,,,,False,,1.0,37.91,0.0,0.0,,True,,OTHER_CHANGE,"건물 본체 미교차, 버퍼 내 변화만 존재",,,,,,0.0,0.3,0.23,LOW,-0.11406533670693371,0.799,NOT_SIG
lt_c_spbd.4107802940,412810028385,4128111300100020093002646,경기도,고양시 덕양구,용두동,용두로,176,80,,,0,,,1.0,0.0,176-80,41281,3192055,113,4128111300100020025,126.89924136483296,37.620213787292336,,,,,,,,,,False,,1.0,85.24,0.0,0.0,,True,,OTHER_CHANGE,"건물 본체 미교차, 버퍼 내 변화만 존재",,,,,,0.0,0.3,0.23,LOW,0.012375570017083228,0.521,NOT_SIG
lt_c_spbd.4107802936,412810028381,4128111300100020024002645,경기도,고양시 덕양구,용두동,용두로,176,78,,,0,,,1.0,0.0,176-78,41281,3192055,113,4128111300100020024,126.89919729108885,37.620290114085385,,제2종근린생활시설,60.54,131.1,1.0,1.0,19930311, ,19931207,True,pnu,0.6,86.69,74.67,0.8613,0.9141,False,CHG_00052,EXPANSION_OR_RECONSTRUCTION,사용승인일=1993-12-07로 T1 이전부터 존재 - 증축/개축 확정(건축물대장 근거),,,,,,0.9141,1.0,0.844,HIGH,0.012375570017083228,0.887,NOT_SIG
lt_c_spbd.4107802934,412810028380,4128111300100020020034231,경기도,고양시 덕양구,용두동,용두로,176,76,,,0,,,1.0,0.0,176-76,41281,3192055,113,4128111300100020019,126.89912007051726,37.62037729516953,,,,,,,,,,False,,1.0,54.63,54.63,1.0,0.9141,False,CHG_00052,NEW_BUILDING,"change_ratio=1.00 >= 0.5 - 신축 추정 (건축물대장 미매칭, change_ratio 휴리스틱)",,,,,,0.9141,1.0,0.9656,HIGH,0.012375570017083228,0.745,NOT_SIG
lt_c_spbd.4107802935,412810028379,4128111300100020019002643,경기도,고양시 덕양구,용두동,용두로,176,76,,,0,,,1.0,0.0,176-76,41281,3192055,113,4128111300100020019,126.8991913677686,37.6204006648795,,,,,,,,,,False,,1.0,66.11,66.11,1.0,0.9141,False,CHG_00052,NEW_BUILDING,"change_ratio=1.00 >= 0.5 - 신축 추정 (건축물대장 미매칭, change_ratio 휴리스틱)",,,,,,0.9141,1.0,0.9656,HIGH,0.012375570017083228,0.745,NOT_SIG
lt_c_spbd.4107802933,412810028378,4128111300100020018002647,경기도,고양시 덕양구,용두동,용두로,176,74,,,0,,,1.0,0.0,176-74,41281,3192055,113,4128111300100020018,126.89919411609655,37.62046896237645,,,,,,,,,,False,,1.0,134.27,134.27,1.0,0.9141,False,CHG_00052,NEW_BUILDING,"change_ratio=1.00 >= 0.5 - 신축 추정 (건축물대장 미매칭, change_ratio 휴리스틱)",,,,,,0.9141,1.0,0.9656,HIGH,0.22096390684947723,0.721,NOT_SIG
lt_c_spbd.4107798703,412810032788,4128111300100010010018636,경기도,고양시 덕양구,용두동,서오릉로,307,16,,,0,,,1.0,0.0,307-16,41281,3000007,113,4128111300100010002,126.90248665034888,37.61948671702757,,제2종근린생활시설,190.3,190.3,1.0,0.0,20090728,20090804,20091130,True,pnu,0.6,40.49,6.28,0.1551,0.5773,False,CHG_00057,EXPANSION_OR_RECONSTRUCTION,사용승인일=2009-11-30로 T1 이전부터 존재 - 증축/개축 확정(건축물대장 근거),,,,,,0.5773,1.0,0.4975,MEDIUM,-0.6794380627812197,0.071,COLD_90
lt_c_spbd.4107798702,412810032786,4128111300100010002016737,경기도,고양시 덕양구,용두동,서오릉로,307,16,,,0,,,1.0,0.0,307-16,41281,3000007,113,4128111300100010002,126.90224398750112,37.61968705776295,,제2종근린생활시설,190.3,190.3,1.0,0.0,20090728,20090804,20091130,True,pnu,0.6,230.42,170.13,0.7383,0.5773,False,CHG_00057,EXPANSION_OR_RECONSTRUCTION,사용승인일=2009-11-30로 T1 이전부터 존재 - 증축/개축 확정(건축물대장 근거),,,,,,0.5773,1.0,0.6724,MEDIUM,-0.6794380627812197,0.045,COLD_95
lt_c_spbd.4107775787,412810006010,4128111300100010035016739,경기도,고양시 덕양구,용두동,서오릉로,314,0,,,0,,,3.0,0.0,314,41281,3000007,113,4128111300100010035,126.9024797359327,37.621221287516434,,,,,,,,,,False,,1.0,132.17,17.78,0.1345,1.0,False,CHG_00047,EXPANSION_OR_RECONSTRUCTION,"change_ratio=0.13 - 부분 변화, 증축/개축 추정 (건축물대장 미매칭, change_ratio 휴리스틱)",,,,,,1.0,1.0,0.7403,HIGH,0.9306602694012464,0.003,HOT_99
lt_c_spbd.4107788010,412810021603,4128111300100010013034004,경기도,고양시 덕양구,용두동,서오릉로,324,13,,,0,,,1.0,0.0,324-13,41281,3000007,113,4128111300100010013,126.90185867676956,37.621602968317546,,,,,,,,,,False,,1.0,167.39,160.94,0.9614,1.0,False,CHG_00047,NEW_BUILDING,"change_ratio=0.96 >= 0.5 - 신축 추정 (건축물대장 미매칭, change_ratio 휴리스틱)",,,,,,1.0,1.0,0.9884,HIGH,0.9147790130508454,0.003,HOT_99
lt_c_spbd.4107788007,412810021598,4128111300100010013027303,경기도,고양시 덕양구,용두동,서오릉로,324,13,,,0,,,1.0,0.0,324-13,41281,3000007,113,4128111300100010013,126.90216769560953,37.62173930340032,,,,,,,,,,False,,1.0,95.3,95.3,1.0,1.0,False,CHG_00047,NEW_BUILDING,"change_ratio=1.00 >= 0.5 - 신축 추정 (건축물대장 미매칭, change_ratio 휴리스틱)",,,,,,1.0,1.0,1.0,HIGH,1.0436564960916364,0.003,HOT_99
lt_c_spbd.4107788005,412810021590,4128111300100010013026938,경기도,고양시 덕양구,용두동,서오릉로,324,13,,,0,,,1.0,0.0,324-13,41281,3000007,113,4128111300100010013,126.90186695006659,37.6217727295225,,,,,,,,,,False,,1.0,39.26,39.26,1.0,1.0,False,CHG_00047,NEW_BUILDING,"change_ratio=1.00 >= 0.5 - 신축 추정 (건축물대장 미매칭, change_ratio 휴리스틱)",,,,,,1.0,1.0,1.0,HIGH,0.9147790130508454,0.003,HOT_99
lt_c_spbd.4107788006,412810021588,4128111300100010013009433,경기도,고양시 덕양구,용두동,서오릉로,324,13,,,0,,,1.0,0.0,324-13,41281,3000007,113,4128111300100010013,126.90234661120259,37.62180503449646,,,,,,,,,,False,,1.0,145.07,145.07,1.0,1.0,False,CHG_00047,NEW_BUILDING,"change_ratio=1.00 >= 0.5 - 신축 추정 (건축물대장 미매칭, change_ratio 휴리스틱)",,,,,,1.0,1.0,1.0,HIGH,1.0486166693079253,0.003,HOT_99
lt_c_spbd.4107802932,412810028377,4128111300100020015002597,경기도,고양시 덕양구,용두동,용두로,176,72,,,0,,,1.0,0.0,176-72,41281,3192055,113,4128111300100020015,126.89882440811054,37.62055545560035,,,,,,,,,,False,,1.0,129.12,129.12,1.0,0.9141,False,CHG_00052,NEW_BUILDING,"change_ratio=1.00 >= 0.5 - 신축 추정 (건축물대장 미매칭, change_ratio 휴리스틱)",,,,,,0.9141,1.0,0.9656,HIGH,0.22096390684947723,0.717,NOT_SIG
lt_c_spbd.4107802931,412810079347,4128111300100020014000001,경기도,고양시 덕양구,용두동,용두로,176,54,,,0,,,1.0,0.0,176-54,41281,3192055,113,4128111300100020014,126.89849473004814,37.62137636972153,,,,,,,,,,False,,1.0,256.96,256.96,1.0,0.9141,False,CHG_00052,NEW_BUILDING,"change_ratio=1.00 >= 0.5 - 신축 추정 (건축물대장 미매칭, change_ratio 휴리스틱)",,,,,,0.9141,1.0,0.9656,HIGH,0.22096390684947723,0.717,NOT_SIG
lt_c_spbd.4107802930,412810079344,4128111300100020013000001,경기도,고양시 덕양구,용두동,용두로,176,42,,,0,,,1.0,0.0,176-42,41281,3192055,113,4128111300100020013,126.89850537368147,37.62175467673351,,,,,,,,,,False,,1.0,68.51,68.51,1.0,0.9141,False,CHG_00052,NEW_BUILDING,"change_ratio=1.00 >= 0.5 - 신축 추정 (건축물대장 미매칭, change_ratio 휴리스틱)",,,,,,0.9141,1.0,0.9656,HIGH,0.7701943148251366,0.009,HOT_99
lt_c_spbd.4107776332,412810136976,4128111300100020073000002,경기도,고양시 덕양구,용두동,용두로,164,0,,,0,,,1.0,0.0,164,41281,3192055,113,4128111300100020073,126.8969499071877,37.622616501047574,,,,,,,,,,False,,1.0,278.16,278.16,1.0,0.815,False,CHG_00041,NEW_BUILDING,"change_ratio=1.00 >= 0.5 - 신축 추정 (건축물대장 미매칭, change_ratio 휴리스틱)",,,,,,0.815,1.0,0.926,HIGH,0.7529642394422358,0.009,HOT_99
lt_c_spbd.4107776334,412810136977,4128111300100020073000003,경기도,고양시 덕양구,용두동,용두로,164,0,,,0,,,1.0,0.0,164,41281,3192055,113,4128111300100020073,126.89708590998632,37.622644585300314,,,,,,,,,,False,,1.0,36.45,36.45,1.0,0.815,False,CHG_00041,NEW_BUILDING,"change_ratio=1.00 >= 0.5 - 신축 추정 (건축물대장 미매칭, change_ratio 휴리스틱)",,,,,,0.815,1.0,0.926,HIGH,0.7529642394422358,0.009,HOT_99
lt_c_spbd.4107788011,412810021595,4128111300100010013027018,경기도,고양시 덕양구,용두동,서오릉로,324,13,,,0,,,1.0,0.0,324-13,41281,3000007,113,4128111300100010013,126.90196756430785,37.6218044424682,,,,,,,,,,False,,1.0,39.69,39.69,0.9999,1.0,False,CHG_00047,NEW_BUILDING,"change_ratio=1.00 >= 0.5 - 신축 추정 (건축물대장 미매칭, change_ratio 휴리스틱)",,,,,,1.0,1.0,1.0,HIGH,1.0436564960916364,0.003,HOT_99
lt_c_spbd.4107788015,412810021589,4128111300100010013009434,경기도,고양시 덕양구,용두동,서오릉로,324,14,,,0,,,1.0,0.0,324-14,41281,3000007,113,4128111300100010013,126.90274423826753,37.62182819223466,,,,,,,,,,False,,1.0,101.32,101.32,1.0,1.0,False,CHG_00047,NEW_BUILDING,"change_ratio=1.00 >= 0.5 - 신축 추정 (건축물대장 미매칭, change_ratio 휴리스틱)",,,,,,1.0,1.0,1.0,HIGH,1.0485731590165543,0.003,HOT_99
lt_c_spbd.4107788008,412810021597,4128111300100010013027302,경기도,고양시 덕양구,용두동,서오릉로,324,13,,,0,,,1.0,0.0,324-13,41281,3000007,113,4128111300100010013,126.90224435888331,37.62182834980523,,,,,,,,,,False,,1.0,104.0,104.0,1.0,1.0,False,CHG_00047,NEW_BUILDING,"change_ratio=1.00 >= 0.5 - 신축 추정 (건축물대장 미매칭, change_ratio 휴리스틱)",,,,,,1.0,1.0,1.0,HIGH,1.0486601795992967,0.003,HOT_99
lt_c_spbd.4107788009,412810021599,4128111300100010013027304,경기도,고양시 덕양구,용두동,서오릉로,324,13,,,0,,,1.0,0.0,324-13,41281,3000007,113,4128111300100010013,126.90213175493365,37.621833574658304,,,,,,,,,,False,,1.0,58.47,58.47,0.9999,1.0,False,CHG_00047,NEW_BUILDING,"change_ratio=1.00 >= 0.5 - 신축 추정 (건축물대장 미매칭, change_ratio 휴리스틱)",,,,,,1.0,1.0,1.0,HIGH,1.048703689890668,0.003,HOT_99
lt_c_spbd.4107788004,412810021596,4128111300100010013027019,경기도,고양시 덕양구,용두동,서오릉로,324,13,,,0,,,1.0,0.0,324-13,41281,3000007,113,4128111300100010013,126.9021203215344,37.62190255868751,,,,,,,,,,False,,1.0,35.05,35.05,1.0,1.0,False,CHG_00047,NEW_BUILDING,"change_ratio=1.00 >= 0.5 - 신축 추정 (건축물대장 미매칭, change_ratio 휴리스틱)",,,,,,1.0,1.0,1.0,HIGH,1.0486601795992967,0.003,HOT_99
lt_c_spbd.4107788014,412810021592,4128111300100010013027015,경기도,고양시 덕양구,용두동,서오릉로,324,14,,,0,,,1.0,0.0,324-14,41281,3000007,113,4128111300100010013,126.9024693016544,37.62190071183989,,,,,,,,,,False,,1.0,22.11,22.11,1.0,1.0,False,CHG_00047,NEW_BUILDING,"change_ratio=1.00 >= 0.5 - 신축 추정 (건축물대장 미매칭, change_ratio 휴리스틱)",,,,,,1.0,1.0,1.0,HIGH,1.0485731590165543,0.003,HOT_99
lt_c_spbd.4107788012,412810021591,4128111300100010013027014,경기도,고양시 덕양구,용두동,서오릉로,324,14,,,0,,,1.0,0.0,324-14,41281,3000007,113,4128111300100010013,126.9026040431722,37.62192882230963,,,,,,,,,,False,,1.0,9.44,9.44,0.9998,1.0,False,CHG_00047,NEW_BUILDING,"change_ratio=1.00 >= 0.5 - 신축 추정 (건축물대장 미매칭, change_ratio 휴리스틱)",,,,,,1.0,1.0,0.9999,HIGH,1.0485731590165543,0.003,HOT_99
lt_c_spbd.4107788013,412810021594,4128111300100010013027017,경기도,고양시 덕양구,용두동,서오릉로,324,14,,,0,,,1.0,0.0,324-14,41281,3000007,113,4128111300100010013,126.90244545618532,37.621941274771565,,,,,,,,,,False,,1.0,5.63,5.63,1.0,1.0,False,CHG_00047,NEW_BUILDING,"change_ratio=1.00 >= 0.5 - 신축 추정 (건축물대장 미매칭, change_ratio 휴리스틱)",,,,,,1.0,1.0,1.0,HIGH,1.0485731590165543,0.003,HOT_99
lt_c_spbd.4107788019,412810021593,4128111300100010013027016,경기도,고양시 덕양구,용두동,서오릉로,324,14,,,0,,,1.0,0.0,324-14,41281,3000007,113,4128111300100010013,126.90242982577189,37.62197709987166,,,,,,,,,,False,,1.0,10.66,10.66,0.9998,1.0,False,CHG_00047,NEW_BUILDING,"change_ratio=1.00 >= 0.5 - 신축 추정 (건축물대장 미매칭, change_ratio 휴리스틱)",,,,,,1.0,1.0,0.9999,HIGH,1.0485731590165543,0.003,HOT_99
lt_c_spbd.4107796614,412810092758,4128111300101920002026803,경기도,고양시 덕양구,용두동,화랑로286번길,42,61,,가동,0,,,1.0,0.0,42-61,41281,4376360,113,4128111300101920002,126.88281992855859,37.61975862608689,,제1종근린생활시설,166.37,166.37,1.0,0.0,20151022,20160603,20161206,True,pnu,0.6,144.16,3.76,0.026,1.0,False,CHG_00056,EXPANSION_OR_RECONSTRUCTION,사용승인일=2016-12-06로 T1 이전부터 존재 - 증축/개축 확정(건축물대장 근거),,,,,,1.0,1.0,0.6278,MEDIUM,0.3575862217542997,0.223,NOT_SIG
lt_c_spbd.4107798805,412810078147,4128111300101880004000002,경기도,고양시 덕양구,용두동,화랑로286번길,30,39,,,0,,,1.0,0.0,30-39,41281,4376360,113,4128111300101880004,126.88141914092421,37.61996592992827,,,,,,,,,,False,,1.0,141.27,141.27,1.0,0.7383,False,CHG_00054,NEW_BUILDING,"change_ratio=1.00 >= 0.5 - 신축 추정 (건축물대장 미매칭, change_ratio 휴리스틱)",,,,,,0.7383,1.0,0.8953,HIGH,0.3302182484819639,0.431,NOT_SIG
lt_c_spbd.4107798806,412810078146,4128111300101880004000001,경기도,고양시 덕양구,용두동,화랑로286번길,30,39,,,0,,,1.0,0.0,30-39,41281,4376360,113,4128111300101880004,126.88124234441008,37.619967255674354,,,,,,,,,,False,,1.0,360.08,356.29,0.9895,0.7383,False,CHG_00054,NEW_BUILDING,"change_ratio=0.99 >= 0.5 - 신축 추정 (건축물대장 미매칭, change_ratio 휴리스틱)",,,,,,0.7383,1.0,0.8922,HIGH,0.3302182484819639,0.429,NOT_SIG
lt_c_spbd.4107796592,412810078151,4128111300101910002000001,경기도,고양시 덕양구,용두동,화랑로286번길,42,55,,,0,,,1.0,0.0,42-55,41281,4376360,113,4128111300101910002,126.8830804788428,37.62009172739532,,,,,,,,,,False,,1.0,168.97,168.97,1.0,1.0,False,CHG_00056,NEW_BUILDING,"change_ratio=1.00 >= 0.5 - 신축 추정 (건축물대장 미매칭, change_ratio 휴리스틱)",,,,,,1.0,1.0,1.0,HIGH,0.452786739273965,0.313,NOT_SIG
lt_c_spbd.4107806612,412810137244,4128111300101370000000001,경기도,고양시 덕양구,용두동,덕양로,222,1,,,0,,,1.0,0.0,222-1,41281,3351196,113,4128111300101370000,126.88882782014305,37.62068580716401,,,,,,,,,,False,,1.0,300.84,300.84,1.0,0.976,False,CHG_00053,NEW_BUILDING,"change_ratio=1.00 >= 0.5 - 신축 추정 (건축물대장 미매칭, change_ratio 휴리스틱)",,,,,,0.976,1.0,0.9904,HIGH,0.29184217149277514,0.593,NOT_SIG
lt_c_spbd.4107806614,412810137245,4128111300101370000000002,경기도,고양시 덕양구,용두동,덕양로,222,1,,,0,,,1.0,0.0,222-1,41281,3351196,113,4128111300101370000,126.88896363589728,37.62082948504401,,,,,,,,,,False,,1.0,86.66,86.66,1.0,0.976,False,CHG_00053,NEW_BUILDING,"change_ratio=1.00 >= 0.5 - 신축 추정 (건축물대장 미매칭, change_ratio 휴리스틱)",,,,,,0.976,1.0,0.9904,HIGH,0.29184217149277514,0.593,NOT_SIG
lt_c_spbd.4107782621,412810088580,4128111300103090000000001,경기도,고양시 덕양구,용두동,화랑로286번길,192,0,,,0,,,1.0,0.0,192,41281,4376360,113,4128111300103090000,126.88879724565257,37.62101332611182,,,,,,,,,,False,,1.0,154.97,154.97,1.0,0.976,False,CHG_00053,NEW_BUILDING,"change_ratio=1.00 >= 0.5 - 신축 추정 (건축물대장 미매칭, change_ratio 휴리스틱)",,,,,,0.976,1.0,0.9904,HIGH,0.3266504045895453,0.503,NOT_SIG
lt_c_spbd.4107801014,412810035027,4128111300101750000033153,경기도,고양시 덕양구,용두동,화랑로286번길,44,78,,,0,,,1.0,0.0,44-78,41281,4376360,113,4128111300101750000,126.88410200804262,37.62001731448598,,단독주택,22.5,22.5,1.0,0.0, , ,19850821,True,road_address,0.6,105.32,47.18,0.448,1.0,False,CHG_00056,EXPANSION_OR_RECONSTRUCTION,사용승인일=1985-08-21로 T1 이전부터 존재 - 증축/개축 확정(건축물대장 근거),,,,,,1.0,1.0,0.7544,HIGH,0.4667100325126735,0.145,NOT_SIG
lt_c_spbd.4107801013,412810035025,4128111300101740002026700,경기도,고양시 덕양구,용두동,화랑로286번길,44,78,,,0,,,1.0,0.0,44-78,41281,4376360,113,4128111300101750000,126.88390251335798,37.62006732267919,,단독주택,22.5,22.5,1.0,0.0, , ,19850821,True,road_address,0.6,75.47,75.47,1.0,1.0,False,CHG_00056,EXPANSION_OR_RECONSTRUCTION,사용승인일=1985-08-21로 T1 이전부터 존재 - 증축/개축 확정(건축물대장 근거),,,,,,1.0,1.0,0.92,HIGH,0.4667100325126735,0.237,NOT_SIG
lt_c_spbd.4107801012,412810035026,4128111300101750000003042,경기도,고양시 덕양구,용두동,화랑로286번길,44,78,,,0,,,1.0,0.0,44-78,41281,4376360,113,4128111300101750000,126.88402875115004,37.62009380607648,,단독주택,22.5,22.5,1.0,0.0, , ,19850821,True,road_address,0.6,113.32,110.99,0.9794,1.0,False,CHG_00056,EXPANSION_OR_RECONSTRUCTION,사용승인일=1985-08-21로 T1 이전부터 존재 - 증축/개축 확정(건축물대장 근거),,,,,,1.0,1.0,0.9138,HIGH,0.4667100325126735,0.229,NOT_SIG
lt_c_spbd.4107801011,412810035024,4128111300101740000018682,경기도,고양시 덕양구,용두동,화랑로286번길,44,72,,,0,,,1.0,0.0,44-72,41281,4376360,113,4128111300101740000,126.88404488028203,37.620184826580726,,제1종근린생활시설,139.84,139.84,1.0,0.0,20090515,20090708,20091208,True,road_address,0.6,178.0,135.42,0.7608,1.0,False,CHG_00056,EXPANSION_OR_RECONSTRUCTION,사용승인일=2009-12-08로 T1 이전부터 존재 - 증축/개축 확정(건축물대장 근거),,,,,,1.0,1.0,0.8482,HIGH,0.4667100325126735,0.193,NOT_SIG
lt_c_spbd.4107801010,412810035023,4128111300101730000016703,경기도,고양시 덕양구,용두동,화랑로286번길,44,72,,,0,,,1.0,0.0,44-72,41281,4376360,113,4128111300101740000,126.88404243510396,37.620352653478434,,제1종근린생활시설,139.84,139.84,1.0,0.0,20090515,20090708,20091208,True,road_address,0.6,258.58,205.16,0.7934,1.0,False,CHG_00056,EXPANSION_OR_RECONSTRUCTION,사용승인일=2009-12-08로 T1 이전부터 존재 - 증축/개축 확정(건축물대장 근거),,,,,,1.0,1.0,0.858,HIGH,0.4667100325126735,0.203,NOT_SIG
lt_c_spbd.4107801009,412810101708,4128111300101710007000001,경기도,고양시 덕양구,용두동,화랑로286번길,44,53,,,0,,,1.0,0.0,44-53,41281,4376360,113,4128111300101710007,126.88400723036722,37.62112235170552,,,,,,,,,,False,,1.0,63.89,0.0,0.0,,True,,OTHER_CHANGE,"건물 본체 미교차, 버퍼 내 변화만 존재",,,,,,0.0,0.3,0.23,LOW,0.262298683651892,0.125,NOT_SIG
lt_c_spbd.4107796611,412810078152,4128111300101940001000001,경기도,고양시 덕양구,용두동,화랑로286번길,42,41,,,0,,,1.0,0.0,42-41,41281,4376360,113,4128111300101940001,126.88293107674446,37.62081318671071,,,,,,,,,,False,,1.0,128.53,20.64,0.1606,1.0,False,CHG_00056,EXPANSION_OR_RECONSTRUCTION,"change_ratio=0.16 - 부분 변화, 증축/개축 추정 (건축물대장 미매칭, change_ratio 휴리스틱)",,,,,,1.0,1.0,0.7482,HIGH,0.2447205259380226,0.472,NOT_SIG
lt_c_spbd.4107782613,412810084195,4128111300102080000000001,경기도,고양시 덕양구,용두동,화랑로286번길,80,0,,,0,,,1.0,0.0,80,41281,4376360,113,4128111300102080000,126.88260136257088,37.62220007832393,,,,,,,,,,False,,1.0,1777.16,846.66,0.4764,1.0,False,CHG_00045,EXPANSION_OR_RECONSTRUCTION,"change_ratio=0.48 - 부분 변화, 증축/개축 추정 (건축물대장 미매칭, change_ratio 휴리스틱)",,,,,,1.0,1.0,0.8429,HIGH,0.38512823619211894,0.315,NOT_SIG
lt_c_spbd.4107782615,412810078159,4128111300102200001000003,경기도,고양시 덕양구,용두동,화랑로286번길,108,0,,,0,,,1.0,0.0,108,41281,4376360,113,4128111300102200001,126.88547923374504,37.62166474054214,,,,,,,,,,False,,1.0,108.04,108.04,1.0,1.0,False,CHG_00045,NEW_BUILDING,"change_ratio=1.00 >= 0.5 - 신축 추정 (건축물대장 미매칭, change_ratio 휴리스틱)",,,,,,1.0,1.0,1.0,HIGH,0.3659837079888953,0.451,NOT_SIG
lt_c_spbd.4107782616,412810078157,4128111300102200001000001,경기도,고양시 덕양구,용두동,화랑로286번길,108,0,,,0,,,1.0,0.0,108,41281,4376360,113,4128111300102200001,126.88517735594101,37.621704055715085,,,,,,,,,,False,,1.0,191.83,191.83,1.0,1.0,False,CHG_00045,NEW_BUILDING,"change_ratio=1.00 >= 0.5 - 신축 추정 (건축물대장 미매칭, change_ratio 휴리스틱)",,,,,,1.0,1.0,1.0,HIGH,0.3659837079888953,0.451,NOT_SIG
lt_c_spbd.4107782617,412810078158,4128111300102200001000002,경기도,고양시 덕양구,용두동,화랑로286번길,108,0,,,0,,,1.0,0.0,108,41281,4376360,113,4128111300102200001,126.88532179949796,37.62171839701914,,,,,,,,,,False,,1.0,237.61,237.61,1.0,1.0,False,CHG_00045,NEW_BUILDING,"change_ratio=1.00 >= 0.5 - 신축 추정 (건축물대장 미매칭, change_ratio 휴리스틱)",,,,,,1.0,1.0,1.0,HIGH,0.3659837079888953,0.451,NOT_SIG
lt_c_spbd.4107782618,412810016365,4128111300103000000016890,경기도,고양시 덕양구,용두동,화랑로286번길,112,0,,,0,,,1.0,0.0,112,41281,4376360,113,4128111300103000000,126.8850772173231,37.62214581067224,,,,,,,,,,False,,1.0,149.46,123.35,0.8253,1.0,False,CHG_00045,NEW_BUILDING,"change_ratio=0.83 >= 0.5 - 신축 추정 (건축물대장 미매칭, change_ratio 휴리스틱)",,,,,,1.0,1.0,0.9476,HIGH,0.3351349114068833,0.457,NOT_SIG
lt_c_spbd.4107775992,412810079564,4128111300107610002000001,경기도,고양시 덕양구,용두동,화랑로,287,1,,,0,,,1.0,0.0,287-1,41281,3192097,113,4128111300107610002,126.87894851239321,37.62207993948836,,,,,,,,,,False,,1.0,129.36,111.3,0.8604,1.0,False,CHG_00043,NEW_BUILDING,"change_ratio=0.86 >= 0.5 - 신축 추정 (건축물대장 미매칭, change_ratio 휴리스틱)",,,,,,1.0,1.0,0.9581,HIGH,0.25242184751068275,0.635,NOT_SIG
lt_c_spbd.4107803446,412810079570,4128111300107840000000001,경기도,고양시 덕양구,용두동,화랑로,309,33,,,0,,,1.0,0.0,309-33,41281,3192097,113,4128111300107840000,126.87929901496216,37.62318637354913,,,,,,,,,,False,,1.0,71.71,0.0,0.0,,True,,OTHER_CHANGE,"건물 본체 미교차, 버퍼 내 변화만 존재",,,,,,0.0,0.3,0.23,LOW,0.08307979349489679,0.371,NOT_SIG
lt_c_spbd.4107803445,412810079573,4128111300108020000000001,경기도,고양시 덕양구,용두동,화랑로,309,30,,,0,,,1.0,0.0,309-30,41281,3192097,113,4128111300108020000,126.87938329598127,37.62382554452512,,,,,,,,,,False,,1.0,112.35,112.35,1.0,0.994,False,CHG_00040,NEW_BUILDING,"change_ratio=1.00 >= 0.5 - 신축 추정 (건축물대장 미매칭, change_ratio 휴리스틱)",,,,,,0.994,1.0,0.9976,HIGH,0.017683825564340356,0.759,NOT_SIG
lt_c_spbd.4107782439,412810079392,4128111300103270007000001,경기도,고양시 덕양구,용두동,용두로121번길,54,0,,,0,,,1.0,0.0,54,41281,4376162,113,4128111300103270010,126.89151890581684,37.622214155744544,,,,,,,,,,False,,1.0,30.46,0.0,0.0,,True,,OTHER_CHANGE,"건물 본체 미교차, 버퍼 내 변화만 존재",,,,,,0.0,0.3,0.23,LOW,-0.47272066847777666,0.395,NOT_SIG
lt_c_spbd.4107782443,412810092521,4128111300103260010000001,경기도,고양시 덕양구,용두동,용두로121번길,68,0,,,0,,,2.0,0.0,68,41281,4376162,113,4128111300103260010,126.89123651543171,37.622637746721054,,단독주택,66.36,98.74,2.0,0.0,20160307,20160315,20160728,True,pnu,0.6,60.1,36.68,0.6104,0.9704,False,CHG_00042,EXPANSION_OR_RECONSTRUCTION,사용승인일=2016-07-28로 T1 이전부터 존재 - 증축/개축 확정(건축물대장 근거),,,,,,0.9704,1.0,0.7913,HIGH,-0.47272066847777666,0.133,NOT_SIG
lt_c_spbd.4107782446,412810016226,4128111300103260005000001,경기도,고양시 덕양구,용두동,용두로121번길,76,0,,,0,,,0.0,0.0,76,41281,4376162,113,4128111300103260005,126.89126490872313,37.622856407729344,,단독주택,287.05,537.52,2.0,0.0,20100115,20100407,20101112,True,pnu,0.6,319.24,0.0,0.0,,True,,OTHER_CHANGE,"건물 본체 미교차, 버퍼 내 변화만 존재",,,,,,0.0,0.3,0.15,LOW,-0.47272066847777666,0.447,NOT_SIG
lt_c_spbd.4107782603,412810107803,4128111300103840001000001,경기도,고양시 덕양구,용두동,화랑로332번길,40,0,,,0,,,1.0,0.0,40,41281,4376361,113,4128111300103840001,126.88400412548086,37.624987102667504,,단독주택,110.76,98.76,1.0,0.0,20170707, ,20210316,True,pnu,0.6,115.24,0.0,0.0,,True,,OTHER_CHANGE,"건물 본체 미교차, 버퍼 내 변화만 존재",,,,,,0.0,0.3,0.15,LOW,-0.20056379595240717,0.913,NOT_SIG
lt_c_spbd.4107782564,412810016328,4128111300104080004016937,경기도,고양시 덕양구,용두동,용두로35번길,51,0,,,0,,,1.0,0.0,51,41281,4376163,113,4128111300104080004,126.88442830311472,37.62520456625235,,제1종근린생활시설,466.5,792.38,2.0,0.0,20081001,20081124,20100706,True,pnu,0.6,407.27,407.26,1.0,0.8913,False,CHG_00039,EXPANSION_OR_RECONSTRUCTION,사용승인일=2010-07-06로 T1 이전부터 존재 - 증축/개축 확정(건축물대장 근거),,,,,,0.8913,1.0,0.8765,HIGH,-0.30638082456658766,0.223,NOT_SIG
lt_c_spbd.4107782566,412810079603,4128111300104080001000001,경기도,고양시 덕양구,용두동,용두로35번길,63,3,,,0,,,1.0,0.0,63-3,41281,4376163,113,4128111300104080001,126.88401229684905,37.625327974924375,,,,,,,,,,False,,1.0,69.11,0.0,0.0,,True,,OTHER_CHANGE,"건물 본체 미교차, 버퍼 내 변화만 존재",,,,,,0.0,0.3,0.23,LOW,-0.2847126994638486,0.791,NOT_SIG
lt_c_spbd.4107776000,412810006201,4128111300107140004009186,경기도,고양시 덕양구,용두동,화랑로,347,0,,,0,,,1.0,0.0,347,41281,3192097,113,4128111300107140004,126.88104823397532,37.62641704128521,,,,,,,,,,False,,1.0,147.26,147.26,1.0,0.9831,False,CHG_00033,NEW_BUILDING,"change_ratio=1.00 >= 0.5 - 신축 추정 (건축물대장 미매칭, change_ratio 휴리스틱)",,,,,,0.9831,1.0,0.9932,HIGH,-0.03831391943008786,0.601,NOT_SIG
lt_c_spbd.4107798758,412810080770,4128111300107180002000001,경기도,고양시 덕양구,용두동,화랑로,375,44,,,0,,,1.0,0.0,375-44,41281,3192097,113,4128111300107180001,126.87969186077675,37.627312761340875,,,,,,,,,,False,,1.0,83.93,0.0,0.0,,True,,OTHER_CHANGE,"건물 본체 미교차, 버퍼 내 변화만 존재",,,,,,0.0,0.3,0.23,LOW,-0.01599313995678431,0.549,NOT_SIG
lt_c_spbd.4107803463,412810083481,4128111300106910001000001,경기도,고양시 덕양구,용두동,서오릉로,569,112,,,0,,,1.0,0.0,569-112,41281,3000007,113,4128111300106910001,126.87862961727095,37.627928105030165,,,,,,,,,,False,,1.0,71.83,0.0,0.0,,True,,OTHER_CHANGE,"건물 본체 미교차, 버퍼 내 변화만 존재",,,,,,0.0,0.3,0.23,LOW,-0.28762788898570224,0.779,NOT_SIG
lt_c_spbd.4107803462,412810079525,4128111300106380002000001,경기도,고양시 덕양구,용두동,서오릉로,569,110,,,0,,,1.0,0.0,569-110,41281,3000007,113,4128111300106380002,126.87838957627905,37.62806256605269,,,,,,,,,,False,,1.0,48.5,48.5,1.0,0.8192,False,CHG_00026,NEW_BUILDING,"change_ratio=1.00 >= 0.5 - 신축 추정 (건축물대장 미매칭, change_ratio 휴리스틱)",,,,,,0.8192,1.0,0.9277,HIGH,-0.4361720237261688,0.113,NOT_SIG
lt_c_spbd.4107803461,412810086432,4128111300106380001000001,경기도,고양시 덕양구,용두동,서오릉로,569,108,,,0,,,1.0,0.0,569-108,41281,3000007,113,4128111300106380001,126.87822070361614,37.62818255990488,,,,,,,,,,False,,1.0,36.77,12.89,0.3507,0.8192,False,CHG_00026,EXPANSION_OR_RECONSTRUCTION,"change_ratio=0.35 - 부분 변화, 증축/개축 추정 (건축물대장 미매칭, change_ratio 휴리스틱)",,,,,,0.8192,1.0,0.7329,HIGH,-0.3050755158254583,0.325,NOT_SIG
lt_c_spbd.4107782522,412810016274,4128111300103610094003399,경기도,고양시 덕양구,용두동,용두로47번길,126,0,,,0,,,1.0,0.0,126,41281,4376164,113,4128111300103610094,126.89158095275221,37.625608031564646,,제2종근린생활시설,164.0,263.1,1.0,1.0, , ,19950617,True,pnu,0.6,203.55,19.23,0.0945,0.7089,False,CHG_00034,EXPANSION_OR_RECONSTRUCTION,사용승인일=1995-06-17로 T1 이전부터 존재 - 증축/개축 확정(건축물대장 근거),,,,,,0.7089,1.0,0.5319,MEDIUM,0.14638726743964695,0.481,NOT_SIG
lt_c_spbd.4107782521,412810090265,4128111300103610248000001,경기도,고양시 덕양구,용두동,용두로47번길,123,0,,,0,,,3.0,0.0,123,41281,4376164,113,4128111300103610248,126.89153464717236,37.62577371580744,,제2종근린생활시설,50.4,128.9,3.0,0.0,20150108,20150119,20150910,True,pnu,0.6,44.69,44.69,1.0,0.7089,False,CHG_00034,EXPANSION_OR_RECONSTRUCTION,사용승인일=2015-09-10로 T1 이전부터 존재 - 증축/개축 확정(건축물대장 근거),,,,,,0.7089,1.0,0.8036,HIGH,0.14638726743964695,0.717,NOT_SIG
lt_c_spbd.4107782526,412810016303,4128111300104320182032981,경기도,고양시 덕양구,용두동,용두로47번길,131,0,,,0,,,1.0,0.0,131,41281,4376164,113,4128111300104320182,126.89167048093232,37.625910334642974,,제2종근린생활시설,192.7,291.1,2.0,0.0,20030630,20030728,20040110,True,pnu,0.6,140.08,44.79,0.3197,0.7089,False,CHG_00034,EXPANSION_OR_RECONSTRUCTION,사용승인일=2004-01-10로 T1 이전부터 존재 - 증축/개축 확정(건축물대장 근거),,,,,,0.7089,1.0,0.5995,MEDIUM,0.14638726743964695,0.535,NOT_SIG
lt_c_spbd.4107798721,412810079394,4128111300103610033000001,경기도,고양시 덕양구,용두동,용두로121번길,154,29,,,0,,,1.0,0.0,154-29,41281,4376162,113,4128111300103610033,126.8917299063368,37.62669620078944,,단독주택,165.0,165.0,1.0,0.0,20000211,20000217,20000522,True,pnu,0.6,250.57,54.1,0.2159,0.8008,False,CHG_00031,EXPANSION_OR_RECONSTRUCTION,사용승인일=2000-05-22로 T1 이전부터 존재 - 증축/개축 확정(건축물대장 근거),,,,,,0.8008,1.0,0.6051,MEDIUM,0.14638726743964695,0.541,NOT_SIG
lt_c_spbd.4107798727,412810078193,4128111300103610172000001,경기도,고양시 덕양구,용두동,용두로121번길,154,39,,,0,,,1.0,0.0,154-39,41281,4376162,113,4128111300103610172,126.89210355323286,37.62672251292925,,,,,,,,,,False,,1.0,154.45,101.61,0.6579,0.8008,False,CHG_00031,NEW_BUILDING,"change_ratio=0.66 >= 0.5 - 신축 추정 (건축물대장 미매칭, change_ratio 휴리스틱)",,,,,,0.8008,1.0,0.8177,HIGH,0.14638726743964695,0.731,NOT_SIG
lt_c_spbd.4107798726,412810078184,4128111300103610028000001,경기도,고양시 덕양구,용두동,용두로121번길,154,37,,,0,,,1.0,0.0,154-37,41281,4376162,113,4128111300103610028,126.89208527765507,37.62693651937418,,단독주택,65.16,65.16,1.0,0.0, , ,20010414,True,pnu,0.6,313.18,313.18,1.0,0.8008,False,CHG_00031,EXPANSION_OR_RECONSTRUCTION,사용승인일=2001-04-14로 T1 이전부터 존재 - 증축/개축 확정(건축물대장 근거),,,,,,0.8008,1.0,0.8403,HIGH,0.14638726743964695,0.757,NOT_SIG
lt_c_spbd.4107798725,412810092657,4128111300103610034023280,경기도,고양시 덕양구,용두동,용두로121번길,154,35,,,0,,,1.0,0.0,154-35,41281,4376162,113,4128111300103610034,126.89178528749312,37.62707836428513,,,,,,,,,,False,,1.0,81.42,81.42,0.9999,0.8008,False,CHG_00031,NEW_BUILDING,"change_ratio=1.00 >= 0.5 - 신축 추정 (건축물대장 미매칭, change_ratio 휴리스틱)",,,,,,0.8008,1.0,0.9203,HIGH,0.14638726743964695,0.851,NOT_SIG
lt_c_spbd.4107775841,412810006019,4128111300103610016016877,경기도,고양시 덕양구,용두동,서오릉로,443,0,천리포수목원,,0,,,1.0,0.0,443,41281,3000007,113,4128111300103610016,126.89141313881441,37.62744553967451,,,,,,,,,,False,,1.0,309.65,301.36,0.9732,0.8008,False,CHG_00031,NEW_BUILDING,"change_ratio=0.97 >= 0.5 - 신축 추정 (건축물대장 미매칭, change_ratio 휴리스틱)",,,,,,0.8008,1.0,0.9123,HIGH,0.14638726743964695,0.845,NOT_SIG
lt_c_spbd.4107775819,412810006018,4128111300103610015016876,경기도,고양시 덕양구,용두동,서오릉로,441,0,,,0,,,1.0,0.0,441,41281,3000007,113,4128111300103610015,126.8916209975616,37.62744654618764,,,,,,,,,,False,,1.0,218.52,200.48,0.9174,0.8008,False,CHG_00031,NEW_BUILDING,"change_ratio=0.92 >= 0.5 - 신축 추정 (건축물대장 미매칭, change_ratio 휴리스틱)",,,,,,0.8008,1.0,0.8955,HIGH,0.14638726743964695,0.819,NOT_SIG
lt_c_spbd.4107803477,412810086076,4128111300108300000000001,경기도,고양시 덕양구,용두동,해포길,481,20,,,0,,,1.0,0.0,481-20,41281,4376293,113,4128111300108300000,126.8744627365527,37.61888783134539,,,,,,,,,,False,,1.0,231.43,231.43,1.0,0.6621,False,CHG_00062,NEW_BUILDING,"change_ratio=1.00 >= 0.5 - 신축 추정 (건축물대장 미매칭, change_ratio 휴리스틱)",,,,,,0.6621,1.0,0.8648,HIGH,-0.09474676733822572,0.597,NOT_SIG
lt_c_spbd.4107803328,412810095796,4128111300108280006000001,경기도,고양시 덕양구,용두동,화랑로,261,19,,,0,,,1.0,0.0,261-19,41281,3192097,113,4128111300108280006,126.8747753773174,37.620073888819775,,제1종근린생활시설,66.0,66.0,1.0,0.0,20170301,20170417,20171228,True,pnu,0.6,71.0,71.0,0.9999,0.952,False,CHG_00055,EXPANSION_OR_RECONSTRUCTION,사용승인일=2017-12-28로 T1 이전부터 존재 - 증축/개축 확정(건축물대장 근거),,,,,,0.952,1.0,0.9008,HIGH,-0.09474676733822572,0.561,NOT_SIG
lt_c_spbd.4107803330,412810079020,4128111300108330001000001,경기도,고양시 덕양구,용두동,화랑로,261,23,,,0,,,1.0,0.0,261-23,41281,3192097,113,4128111300108330001,126.87445795656524,37.62019268247779,,제2종근린생활시설,99.38,99.38,1.0,0.0,20110603,20110617,20130104,True,pnu,0.6,101.22,101.22,1.0,0.952,False,CHG_00055,EXPANSION_OR_RECONSTRUCTION,사용승인일=2013-01-04로 T1 이전부터 존재 - 증축/개축 확정(건축물대장 근거),,,,,,0.952,1.0,0.9008,HIGH,0.08999792982288052,0.991,NOT_SIG
lt_c_spbd.4107803327,412810095795,4128111300108280003000001,경기도,고양시 덕양구,용두동,화랑로,261,17,,,0,,,1.0,0.0,261-17,41281,3192097,113,4128111300108280003,126.87500674506151,37.620268803648145,,제1종근린생활시설,84.0,84.0,1.0,0.0,20170406,20170417,20171228,True,pnu,0.6,90.83,19.82,0.2182,0.952,False,CHG_00055,EXPANSION_OR_RECONSTRUCTION,사용승인일=2017-12-28로 T1 이전부터 존재 - 증축/개축 확정(건축물대장 근거),,,,,,0.952,1.0,0.6663,MEDIUM,0.2646047290945531,0.349,NOT_SIG
lt_c_spbd.4107803329,412810083336,4128111300108270009000001,경기도,고양시 덕양구,용두동,화랑로,261,21,,,0,,,1.0,0.0,261-21,41281,3192097,113,4128111300108270009,126.87461763691329,37.62043620330931,,제2종근린생활시설,42.0,42.0,1.0,0.0,20110603,20110617,20130104,True,pnu,0.6,82.57,82.57,1.0,0.952,False,CHG_00055,EXPANSION_OR_RECONSTRUCTION,사용승인일=2013-01-04로 T1 이전부터 존재 - 증축/개축 확정(건축물대장 근거),,,,,,0.952,1.0,0.9008,HIGH,0.2646047290945531,0.551,NOT_SIG
lt_c_spbd.4107803441,412810079569,4128111300107670000000001,경기도,고양시 덕양구,용두동,화랑로,279,13,,,0,,,1.0,0.0,279-13,41281,3192097,113,4128111300107670000,126.87773320937906,37.62148461647142,,,,,,,,,,False,,1.0,95.11,66.25,0.6966,0.9695,False,CHG_00046,NEW_BUILDING,"change_ratio=0.70 >= 0.5 - 신축 추정 (건축물대장 미매칭, change_ratio 휴리스틱)",,,,,,0.9695,1.0,0.8968,HIGH,0.1817176240328687,0.729,NOT_SIG
lt_c_spbd.4107803450,412810081572,4128111300108230003000001,경기도,고양시 덕양구,용두동,화랑로,309,90,,,0,,,1.0,0.0,309-90,41281,3192097,113,4128111300108230003,126.8758542399533,37.622712618711844,,,,,,,,,,False,,1.0,128.53,128.53,1.0,0.8514,False,CHG_00044,NEW_BUILDING,"change_ratio=1.00 >= 0.5 - 신축 추정 (건축물대장 미매칭, change_ratio 휴리스틱)",,,,,,0.8514,1.0,0.9406,HIGH,0.3912196769840534,0.313,NOT_SIG
lt_c_spbd.4107803449,412810079548,4128111300107040000000001,경기도,고양시 덕양구,용두동,화랑로,309,66,,,0,,,1.0,0.0,309-66,41281,3192097,113,4128111300107040000,126.87680484566297,37.624580801295934,,,,,,,,,,False,,1.0,103.37,61.81,0.598,0.8223,False,CHG_00037,NEW_BUILDING,"change_ratio=0.60 >= 0.5 - 신축 추정 (건축물대장 미매칭, change_ratio 휴리스틱)",,,,,,0.8223,1.0,0.8083,HIGH,-0.12946797985225447,0.567,NOT_SIG
lt_c_spbd.4107798742,412810084305,4128111300103690000000001,경기도,고양시 덕양구,용두동,화랑로,378,80,,,0,,,1.0,0.0,378-80,41281,3192097,113,4128111300103690000,126.88575113799831,37.627270406624866,,,,,,,,,,False,,1.0,1202.49,0.79,0.0007,0.5937,False,CHG_00030,EXPANSION_OR_RECONSTRUCTION,"change_ratio=0.00 - 부분 변화, 증축/개축 추정 (건축물대장 미매칭, change_ratio 휴리스틱)",,,,,,0.5937,1.0,0.5377,MEDIUM,-0.41393826483560675,0.267,NOT_SIG
lt_c_spbd.4107776001,412810077751,4128111300107200001000001,경기도,고양시 덕양구,용두동,화랑로,351,0,,,0,,,1.0,0.0,351,41281,3192097,113,4128111300107200001,126.8810857714353,37.62695948177688,,,,,,,,,,False,,1.0,279.57,9.84,0.0352,0.9831,False,CHG_00033,EXPANSION_OR_RECONSTRUCTION,"change_ratio=0.04 - 부분 변화, 증축/개축 추정 (건축물대장 미매칭, change_ratio 휴리스틱)",,,,,,0.9831,1.0,0.7038,HIGH,-0.21957779328151747,0.495,NOT_SIG
lt_c_spbd.4107776004,412810077752,4128111300107200001000002,경기도,고양시 덕양구,용두동,화랑로,351,0,,,0,,,1.0,0.0,351,41281,3192097,113,4128111300107200001,126.88092201824908,37.62703035820246,,,,,,,,,,False,,1.0,71.8,36.82,0.5129,0.9831,False,CHG_00033,NEW_BUILDING,"change_ratio=0.51 >= 0.5 - 신축 추정 (건축물대장 미매칭, change_ratio 휴리스틱)",,,,,,0.9831,1.0,0.8471,HIGH,-0.21957779328151747,0.385,NOT_SIG
lt_c_spbd.4107776002,412810077754,4128111300107200001000004,경기도,고양시 덕양구,용두동,화랑로,351,0,,,0,,,1.0,0.0,351,41281,3192097,113,4128111300107200001,126.88072503180052,37.627041440186794,,,,,,,,,,False,,1.0,29.74,29.74,1.0,0.9831,False,CHG_00033,NEW_BUILDING,"change_ratio=1.00 >= 0.5 - 신축 추정 (건축물대장 미매칭, change_ratio 휴리스틱)",,,,,,0.9831,1.0,0.9932,HIGH,-0.21957779328151747,0.281,NOT_SIG
lt_c_spbd.4107776003,412810077753,4128111300107200001000003,경기도,고양시 덕양구,용두동,화랑로,351,0,,,0,,,1.0,0.0,351,41281,3192097,113,4128111300107200001,126.8807571952164,37.627090786646846,,,,,,,,,,False,,1.0,109.97,108.05,0.9825,0.9831,False,CHG_00033,NEW_BUILDING,"change_ratio=0.98 >= 0.5 - 신축 추정 (건축물대장 미매칭, change_ratio 휴리스틱)",,,,,,0.9831,1.0,0.988,HIGH,-0.21957779328151747,0.281,NOT_SIG
lt_c_spbd.4107803151,412810094433,4128111300104430003000001,경기도,고양시 덕양구,용두동,서오릉로,506,19,,,0,,,1.0,0.0,506-19,41281,3000007,113,4128111300104430003,126.88481517227535,37.631129047171086,,,,,,,,,,False,,1.0,42.61,42.61,1.0,0.9401,False,CHG_00021,NEW_BUILDING,"change_ratio=1.00 >= 0.5 - 신축 추정 (건축물대장 미매칭, change_ratio 휴리스틱)",,,,,,0.9401,1.0,0.976,HIGH,-0.04910447169008645,0.609,NOT_SIG
lt_c_spbd.4107803152,412810078230,4128111300104430001000003,경기도,고양시 덕양구,용두동,서오릉로,506,21,,,0,,,1.0,0.0,506-21,41281,3000007,113,4128111300104430001,126.885074044081,37.63132879973328,,,,,,,,,,False,,1.0,1527.08,1382.46,0.9053,0.9401,False,CHG_00021,NEW_BUILDING,"change_ratio=0.91 >= 0.5 - 신축 추정 (건축물대장 미매칭, change_ratio 휴리스틱)",,,,,,0.9401,1.0,0.9476,HIGH,-0.04910447169008645,0.633,NOT_SIG
lt_c_spbd.4107803153,412810078228,4128111300104430001000001,경기도,고양시 덕양구,용두동,서오릉로,506,21,,,0,,,1.0,0.0,506-21,41281,3000007,113,4128111300104430001,126.88459794737432,37.63130230374368,,,,,,,,,,False,,1.0,137.33,0.0,0.0,,True,,OTHER_CHANGE,"건물 본체 미교차, 버퍼 내 변화만 존재",,,,,,0.0,0.3,0.23,LOW,-0.04910447169008645,0.623,NOT_SIG
lt_c_spbd.4107803154,412810078229,4128111300104430001000002,경기도,고양시 덕양구,용두동,서오릉로,506,21,,,0,,,1.0,0.0,506-21,41281,3000007,113,4128111300104430001,126.8847778371142,37.631374811198185,,,,,,,,,,False,,1.0,109.36,0.0,0.0,,True,,OTHER_CHANGE,"건물 본체 미교차, 버퍼 내 변화만 존재",,,,,,0.0,0.3,0.23,LOW,-0.04910447169008645,0.623,NOT_SIG
lt_c_spbd.4107800778,412810078250,4128111300104710004000001,경기도,고양시 덕양구,용두동,서오릉로,504,26,,,0,,,1.0,0.0,504-26,41281,3000007,113,4128111300104710004,126.88589929718714,37.63131907950624,,,,,,,,,,False,,1.0,272.63,56.96,0.2089,0.7212,False,CHG_00020,EXPANSION_OR_RECONSTRUCTION,"change_ratio=0.21 - 부분 변화, 증축/개축 추정 (건축물대장 미매칭, change_ratio 휴리스틱)",,,,,,0.7212,1.0,0.6512,MEDIUM,0.1573953711565013,0.561,NOT_SIG
lt_c_spbd.4107800825,412810078246,4128111300104710002000002,경기도,고양시 덕양구,용두동,서오릉로,504,28,,,0,,,1.0,0.0,504-28,41281,3000007,113,4128111300104710002,126.88606453851655,37.631572570285186,,,,,,,,,,False,,1.0,1278.45,495.02,0.3872,0.7212,False,CHG_00020,EXPANSION_OR_RECONSTRUCTION,"change_ratio=0.39 - 부분 변화, 증축/개축 추정 (건축물대장 미매칭, change_ratio 휴리스틱)",,,,,,0.7212,1.0,0.7046,HIGH,0.1573953711565013,0.613,NOT_SIG
lt_c_spbd.4107803156,412810078232,4128111300104470000000001,경기도,고양시 덕양구,용두동,서오릉로,506,29,,,0,,,1.0,0.0,506-29,41281,3000007,113,4128111300104470000,126.88516998754936,37.631536834610216,,,,,,,,,,False,,1.0,130.13,130.13,1.0,0.9401,False,CHG_00021,NEW_BUILDING,"change_ratio=1.00 >= 0.5 - 신축 추정 (건축물대장 미매칭, change_ratio 휴리스틱)",,,,,,0.9401,1.0,0.976,HIGH,-0.04910447169008645,0.597,NOT_SIG
lt_c_spbd.4107803155,412810078233,4128111300104470000000002,경기도,고양시 덕양구,용두동,서오릉로,506,29,,,0,,,1.0,0.0,506-29,41281,3000007,113,4128111300104470000,126.88518388063602,37.63159224422749,,,,,,,,,,False,,1.0,118.18,118.18,1.0,0.9401,False,CHG_00021,NEW_BUILDING,"change_ratio=1.00 >= 0.5 - 신축 추정 (건축물대장 미매칭, change_ratio 휴리스틱)",,,,,,0.9401,1.0,0.976,HIGH,-0.04910447169008645,0.597,NOT_SIG
lt_c_spbd.4107801161,412810078245,4128111300104710002000001,경기도,고양시 덕양구,용두동,서오릉로,504,28,,,0,,,1.0,0.0,504-28,41281,3000007,113,4128111300104710002,126.88578264683558,37.631641588704625,,,,,,,,,,False,,1.0,424.5,44.53,0.1049,0.7212,False,CHG_00020,EXPANSION_OR_RECONSTRUCTION,"change_ratio=0.10 - 부분 변화, 증축/개축 추정 (건축물대장 미매칭, change_ratio 휴리스틱)",,,,,,0.7212,1.0,0.62,MEDIUM,0.1573953711565013,0.527,NOT_SIG
lt_c_spbd.4107803157,412810078237,4128111300104480000000001,경기도,고양시 덕양구,용두동,서오릉로,506,31,,,0,,,1.0,0.0,506-31,41281,3000007,113,4128111300104480000,126.88521879994013,37.631688020164354,,,,,,,,,,False,,1.0,77.13,49.88,0.6468,0.9401,False,CHG_00021,NEW_BUILDING,"change_ratio=0.65 >= 0.5 - 신축 추정 (건축물대장 미매칭, change_ratio 휴리스틱)",,,,,,0.9401,1.0,0.8701,HIGH,-0.04910447169008645,0.697,NOT_SIG
lt_c_spbd.4107776331,412810136978,4128111300100020073000004,경기도,고양시 덕양구,용두동,용두로,164,0,,,0,,,1.0,0.0,164,41281,3192055,113,4128111300100020073,126.89727970805902,37.622790036330805,,,,,,,,,,False,,1.0,386.09,113.72,0.2945,0.815,False,CHG_00041,EXPANSION_OR_RECONSTRUCTION,"change_ratio=0.29 - 부분 변화, 증축/개축 추정 (건축물대장 미매칭, change_ratio 휴리스틱)",,,,,,0.815,1.0,0.7143,HIGH,0.7529642394422358,0.003,HOT_99
lt_c_spbd.4107776333,412810136975,4128111300100020073000001,경기도,고양시 덕양구,용두동,용두로,164,0,,,0,,,1.0,0.0,164,41281,3192055,113,4128111300100020073,126.89699750248101,37.62278882947192,,,,,,,,,,False,,1.0,176.15,176.15,1.0,0.815,False,CHG_00041,NEW_BUILDING,"change_ratio=1.00 >= 0.5 - 신축 추정 (건축물대장 미매칭, change_ratio 휴리스틱)",,,,,,0.815,1.0,0.926,HIGH,0.7529642394422358,0.013,HOT_95
lt_c_spbd.4107788018,412810021602,4128111300100010013034003,경기도,고양시 덕양구,용두동,서오릉로,324,14,,,0,,,1.0,0.0,324-14,41281,3000007,113,4128111300100010013,126.90270213707055,37.622018395000694,,,,,,,,,,False,,1.0,13.43,13.43,0.9997,1.0,False,CHG_00047,NEW_BUILDING,"change_ratio=1.00 >= 0.5 - 신축 추정 (건축물대장 미매칭, change_ratio 휴리스틱)",,,,,,1.0,1.0,0.9999,HIGH,1.0485731590165543,0.003,HOT_99
lt_c_spbd.4107775791,412810006163,4128111300200300037000001,경기도,고양시 덕양구,용두동,서오릉로,332,0,,비닐하우스,0,,,1.0,0.0,332,41281,3000007,113,4128111300200300037,126.90146400044466,37.622071520626235,,,,,,,,,,False,,1.0,331.59,4.18,0.0126,1.0,False,CHG_00047,EXPANSION_OR_RECONSTRUCTION,"change_ratio=0.01 - 부분 변화, 증축/개축 추정 (건축물대장 미매칭, change_ratio 휴리스틱)",,,,,,1.0,1.0,0.7038,HIGH,0.9147790130508454,0.003,HOT_99
lt_c_spbd.4107803400,412810079491,4128111300105680001000001,경기도,고양시 덕양구,용두동,고양대로,1834,230,,,0,,,1.0,0.0,1834-230,41281,2192001,113,4128111300105680001,126.87869194679814,37.633141709192344,,,,,,,,,,False,,1.0,91.63,0.0,0.0,,True,,OTHER_CHANGE,"건물 본체 미교차, 버퍼 내 변화만 존재",,,,,,0.0,0.3,0.23,LOW,-0.24407408732336922,0.887,NOT_SIG
lt_c_spbd.4107798410,412810093975,4128111300104770003000001,경기도,고양시 덕양구,용두동,서오릉로,504,67,,,0,,,1.0,0.0,504-67,41281,3000007,113,4128111300104770003,126.88821491131127,37.63422979250429,,,,,,,,,,False,,1.0,124.29,124.29,1.0,1.0,False,CHG_00018,NEW_BUILDING,"change_ratio=1.00 >= 0.5 - 신축 추정 (건축물대장 미매칭, change_ratio 휴리스틱)",,,,,,1.0,1.0,1.0,HIGH,-0.019125880935493715,0.633,NOT_SIG
lt_c_spbd.4107803399,412810079492,4128111300105810000000001,경기도,고양시 덕양구,용두동,고양대로,1834,216,,,0,,,1.0,0.0,1834-216,41281,2192001,113,4128111300105810000,126.87894175455818,37.63383492837523,,,,,,,,,,False,,1.0,55.07,55.07,1.0,0.8956,False,CHG_00019,NEW_BUILDING,"change_ratio=1.00 >= 0.5 - 신축 추정 (건축물대장 미매칭, change_ratio 휴리스틱)",,,,,,0.8956,1.0,0.9582,HIGH,-0.24211612421167583,0.263,NOT_SIG
lt_c_spbd.4107803390,412810079616,4128111300105070002000001,경기도,고양시 덕양구,용두동,고양대로,1834,172,,,0,,,1.0,0.0,1834-172,41281,2192001,113,4128111300105070001,126.87790779233637,37.63562309057065,,,,,,,,,,False,,1.0,195.99,195.99,1.0,0.8985,False,CHG_00017,NEW_BUILDING,"change_ratio=1.00 >= 0.5 - 신축 추정 (건축물대장 미매칭, change_ratio 휴리스틱)",,,,,,0.8985,1.0,0.9594,HIGH,-0.3703409528819023,0.145,NOT_SIG
lt_c_spbd.4107803035,412810106801,4128111300104700008000001,경기도,고양시 덕양구,용두동,서오릉로,504,63,,,0,,,1.0,0.0,504-63,41281,3000007,113,4128111300104700008,126.8876917349225,37.63372031709682,,,,,,,,,,False,,1.0,145.13,0.0,0.0,,True,,OTHER_CHANGE,"건물 본체 미교차, 버퍼 내 변화만 존재",,,,,,0.0,0.3,0.23,LOW,0.16783784108553262,0.215,NOT_SIG
lt_c_spbd.4107803533,412810110637,4128111200100620002000001,경기도,고양시 덕양구,동산동,고양대로1940번길,57,30,,,0,,,3.0,0.0,57-30,41281,4376026,112,4128111200100620002,126.8949706646658,37.6428040817146,,단독주택,131.21,197.64,3.0,0.0,20180821,20200821,20210818,True,pnu,0.6,144.82,68.59,0.4736,0.8262,False,CHG_00002,EXPANSION_OR_RECONSTRUCTION,사용승인일=2021-08-18로 T1 이전부터 존재 - 증축/개축 확정(건축물대장 근거),,,,,,0.8262,1.0,0.6926,MEDIUM,-0.42442424505600856,0.177,NOT_SIG
lt_c_spbd.4107803534,412810135677,4128111200100620025000001,경기도,고양시 덕양구,동산동,고양대로1940번길,57,31,,,0,,,1.0,0.0,57-31,41281,4376026,112,4128111200100620025,126.89514911995818,37.64302197372557,,단독주택,114.27,84.63,1.0,0.0,20180822,20200731,20251030,True,pnu,0.1,125.81,125.81,1.0,0.8262,False,CHG_00002,NEW_BUILDING,사용승인일=2025-10-30이 T1~T2 사이 - 신축 확정(건축물대장 근거),,,,,,0.8262,1.0,0.7505,HIGH,-0.42442424505600856,0.161,NOT_SIG
lt_c_spbd.4107803532,412810106008,4128111200100620018000001,경기도,고양시 덕양구,동산동,고양대로1940번길,57,29,해가든,,0,,,4.0,0.0,57-29,41281,4376026,112,4128111200100620018,126.89493708887713,37.64302982267486,,공동주택,146.1,349.22,4.0,0.0,20191118,20200227,20210219,True,pnu,0.6,161.98,92.61,0.5718,0.8262,False,CHG_00002,EXPANSION_OR_RECONSTRUCTION,사용승인일=2021-02-19로 T1 이전부터 존재 - 증축/개축 확정(건축물대장 근거),,,,,,0.8262,1.0,0.722,HIGH,-0.42442424505600856,0.167,NOT_SIG
lt_c_spbd.4107792238,412810079605,4128111200100630030000001,경기도,고양시 덕양구,동산동,고양대로1940번길,39,23,,,0,,,1.0,0.0,39-23,41281,4376026,112,4128111200100630030,126.89516143098427,37.64342393144368,,,,,,,,,,False,,1.0,81.39,38.24,0.4698,0.8262,False,CHG_00002,EXPANSION_OR_RECONSTRUCTION,"change_ratio=0.47 - 부분 변화, 증축/개축 추정 (건축물대장 미매칭, change_ratio 휴리스틱)",,,,,,0.8262,1.0,0.7714,HIGH,-0.42442424505600856,0.161,NOT_SIG
lt_c_spbd.4107792236,412810079607,4128111200100630031000001,경기도,고양시 덕양구,동산동,고양대로1940번길,39,17,,,0,,,1.0,0.0,39-17,41281,4376026,112,4128111200100630031,126.89533178482388,37.64345753519659,,단독주택,70.34,70.34,1.0,0.0, , ,19850116,True,pnu,0.6,117.61,15.0,0.1276,0.8262,False,CHG_00002,EXPANSION_OR_RECONSTRUCTION,사용승인일=1985-01-16로 T1 이전부터 존재 - 증축/개축 확정(건축물대장 근거),,,,,,0.8262,1.0,0.5888,MEDIUM,-0.42442424505600856,0.223,NOT_SIG
lt_c_spbd.4107803092,412810079435,4128111300105000000000001,경기도,고양시 덕양구,용두동,화랑로,447,29,,,0,,,1.0,0.0,447-29,41281,3192097,113,4128111300105000001,126.88128661637728,37.63607355963789,,,,,,,,,,False,,1.0,85.97,0.41,0.0048,0.7749,False,CHG_00016,EXPANSION_OR_RECONSTRUCTION,"change_ratio=0.00 - 부분 변화, 증축/개축 추정 (건축물대장 미매칭, change_ratio 휴리스틱)",,,,,,0.7749,1.0,0.6114,MEDIUM,-0.07634191408830893,0.941,NOT_SIG
lt_c_spbd.4107797141,412810079285,4128111200102120000000001,경기도,고양시 덕양구,동산동,고양대로,1856,146,,,0,,,1.0,0.0,1856-146,41281,2192001,112,4128111200102120000,126.88229047517666,37.63796983881112,,,,,,,,,,False,,1.0,50.34,0.0,0.0,,True,,OTHER_CHANGE,"건물 본체 미교차, 버퍼 내 변화만 존재",,,,,,0.0,0.3,0.23,LOW,-0.37625835250835293,0.565,NOT_SIG
lt_c_spbd.4107803385,412810079486,4128111300105390004000001,경기도,고양시 덕양구,용두동,고양대로,1834,102,,,0,,,1.0,0.0,1834-102,41281,2192001,113,4128111300105390004,126.88024975744898,37.63803926406816,,,,,,,,,,False,,1.0,57.24,57.24,1.0,0.9978,False,CHG_00010,NEW_BUILDING,"change_ratio=1.00 >= 0.5 - 신축 추정 (건축물대장 미매칭, change_ratio 휴리스틱)",,,,,,0.9978,1.0,0.9991,HIGH,-0.5188850876223675,0.049,COLD_95
lt_c_spbd.4107797133,412810079295,4128111200102350000000001,경기도,고양시 덕양구,동산동,고양대로,1856,62,,,0,,,1.0,0.0,1856-62,41281,2192001,112,4128111200102350000,126.88537245964022,37.63971435102135,,,,,,,,,,False,,1.0,133.95,0.0,0.0,,True,,OTHER_CHANGE,"건물 본체 미교차, 버퍼 내 변화만 존재",,,,,,0.0,0.3,0.23,LOW,-0.3762583525083534,0.563,NOT_SIG
lt_c_spbd.4107803078,412810078057,4128111200102370000000001,경기도,고양시 덕양구,동산동,화랑로,499,50,,,0,,,1.0,0.0,499-50,41281,3192097,112,4128111200102370000,126.88468185736048,37.640219289670135,,,,,,,,,,False,,1.0,81.85,79.39,0.97,0.6786,False,CHG_00008,NEW_BUILDING,"change_ratio=0.97 >= 0.5 - 신축 추정 (건축물대장 미매칭, change_ratio 휴리스틱)",,,,,,0.6786,1.0,0.8624,HIGH,-0.3762583525083534,0.169,NOT_SIG
lt_c_spbd.4107797134,412810079297,4128111200102410001000001,경기도,고양시 덕양구,동산동,고양대로,1856,64,,,0,,,1.0,0.0,1856-64,41281,2192001,112,4128111200102410001,126.88562001403488,37.64023577852106,,,,,,,,,,False,,1.0,69.05,1.04,0.015,0.6786,False,CHG_00008,EXPANSION_OR_RECONSTRUCTION,"change_ratio=0.01 - 부분 변화, 증축/개축 추정 (건축물대장 미매칭, change_ratio 휴리스틱)",,,,,,0.6786,1.0,0.5759,MEDIUM,-0.473460343431083,0.191,NOT_SIG
lt_c_spbd.4107803406,412810086081,4128111200102920003000001,경기도,고양시 덕양구,동산동,고양대로,1836,73,,,0,,,1.0,0.0,1836-73,41281,2192001,112,4128111200102920003,126.88113624117244,37.63907736489535,,,,,,,,,,False,,1.0,26.59,12.85,0.4834,0.9978,False,CHG_00010,EXPANSION_OR_RECONSTRUCTION,"change_ratio=0.48 - 부분 변화, 증축/개축 추정 (건축물대장 미매칭, change_ratio 휴리스틱)",,,,,,0.9978,1.0,0.8441,HIGH,0.052361527786997666,0.991,NOT_SIG
lt_c_spbd.4107803405,412810112233,4128111200102190000000001,경기도,고양시 덕양구,동산동,고양대로,1836,53,,,0,,,1.0,0.0,1836-53,41281,2192001,112,4128111200102190000,126.8816699309308,37.639663657222954,,,,,,,,,,False,,1.0,86.14,0.0,0.0,,True,,OTHER_CHANGE,"건물 본체 미교차, 버퍼 내 변화만 존재",,,,,,0.0,0.3,0.23,LOW,0.20943367963617227,0.177,NOT_SIG
lt_c_spbd.4107803404,412810081877,4128111200102250021000001,경기도,고양시 덕양구,동산동,고양대로,1836,25,,,0,,,1.0,0.0,1836-25,41281,2192001,112,4128111200102250021,126.88296638485505,37.64074110591357,,,,,,,,,,False,,1.0,71.91,71.72,0.9974,0.9978,False,CHG_00010,NEW_BUILDING,"change_ratio=1.00 >= 0.5 - 신축 추정 (건축물대장 미매칭, change_ratio 휴리스틱)",,,,,,0.9978,1.0,0.9983,HIGH,-0.09291933510064523,0.523,NOT_SIG
lt_c_spbd.4107803403,412810079288,4128111200102250011000001,경기도,고양시 덕양구,동산동,고양대로,1836,21,,,0,,,1.0,0.0,1836-21,41281,2192001,112,4128111200102250011,126.88287789586872,37.64078268767454,,,,,,,,,,False,,1.0,27.77,21.76,0.7835,0.9978,False,CHG_00010,NEW_BUILDING,"change_ratio=0.78 >= 0.5 - 신축 추정 (건축물대장 미매칭, change_ratio 휴리스틱)",,,,,,0.9978,1.0,0.9342,HIGH,-0.03370182854476569,0.719,NOT_SIG
lt_c_spbd.4107803384,412810079286,4128111200102200008000001,경기도,고양시 덕양구,동산동,고양대로,1834,28,,,0,,,1.0,0.0,1834-28,41281,2192001,112,4128111200102200008,126.8824394284789,37.64079911844058,,,,,,,,,,False,,1.0,96.53,44.63,0.4623,0.9978,False,CHG_00010,EXPANSION_OR_RECONSTRUCTION,"change_ratio=0.46 - 부분 변화, 증축/개축 추정 (건축물대장 미매칭, change_ratio 휴리스틱)",,,,,,0.9978,1.0,0.8378,HIGH,-0.03370182854476569,0.805,NOT_SIG
lt_c_spbd.4107803514,412810086057,4128111200102820023000001,경기도,고양시 덕양구,동산동,고양대로,1814,15,,,0,,,1.0,0.0,1814-15,41281,2192001,112,4128111200102820023,126.88128891343558,37.64141100504081,,,,,,,,,,False,,1.0,90.29,90.1,0.9979,0.9978,False,CHG_00010,NEW_BUILDING,"change_ratio=1.00 >= 0.5 - 신축 추정 (건축물대장 미매칭, change_ratio 휴리스틱)",,,,,,0.9978,1.0,0.9985,HIGH,0.07328997793643084,0.905,NOT_SIG
lt_c_spbd.4107771706,412810079304,4128111200102890003000001,경기도,고양시 덕양구,동산동,고양대로,1826,1,,,0,,,1.0,0.0,1826-1,41281,2192001,112,4128111200102890001,126.88191969945643,37.64142492706967,,,,,,,,,,False,,1.0,138.0,138.0,1.0,0.9978,False,CHG_00010,NEW_BUILDING,"change_ratio=1.00 >= 0.5 - 신축 추정 (건축물대장 미매칭, change_ratio 휴리스틱)",,,,,,0.9978,1.0,0.9991,HIGH,-0.03370182854476569,0.657,NOT_SIG
lt_c_spbd.4107771705,412810077755,4128111200102820034000001,경기도,고양시 덕양구,동산동,고양대로,1824,0,,,0,,,1.0,0.0,1824,41281,2192001,112,4128111200102820019,126.88221027259351,37.64196718079908,,,,,,,,,,False,,1.0,240.11,4.2,0.0175,0.9978,False,CHG_00010,EXPANSION_OR_RECONSTRUCTION,"change_ratio=0.02 - 부분 변화, 증축/개축 추정 (건축물대장 미매칭, change_ratio 휴리스틱)",,,,,,0.9978,1.0,0.7044,HIGH,0.07350752939328566,0.785,NOT_SIG
lt_c_spbd.4107775970,412810136875,4128111200102000003000001,경기도,고양시 덕양구,동산동,화랑로,540,0,,,0,,,1.0,0.0,540,41281,3192097,112,4128111200102000003,126.88789865667448,37.64203623390438,,제2종근린생활시설,291.2,291.2,1.0,0.0,20241217,20250825,20260119,True,pnu,0.1,298.96,298.96,1.0,0.6667,False,CHG_00005,NEW_BUILDING,사용승인일=2026-01-19이 T1~T2 사이 - 신축 확정(건축물대장 근거),,,,,,0.6667,1.0,0.6867,MEDIUM,-1.1373403691692283,0.003,COLD_99
lt_c_spbd.4107771709,412810078054,4128111200102260000000001,경기도,고양시 덕양구,동산동,고양대로,1846,1,,,0,,,1.0,0.0,1846-1,41281,2192001,112,4128111200102260000,126.88440747866606,37.641342287060525,,,,,,,,,,False,,1.0,196.51,0.0,0.0,,True,,OTHER_CHANGE,"건물 본체 미교차, 버퍼 내 변화만 존재",,,,,,0.0,0.3,0.23,LOW,-0.2090047924783737,0.989,NOT_SIG
lt_c_spbd.4107804471,412810085239,4128111200103580000000001,경기도,고양시 덕양구,동산동,동산1로,18,0,,,0,,,4.0,0.0,18,41281,3194067,112,4128111200103580000,126.8853025740383,37.64298000946482,,단독주택,153.77,487.7,4.0,0.0,20130702,20130715,20140417,True,pnu,0.6,127.05,0.0,0.0,,True,,OTHER_CHANGE,"건물 본체 미교차, 버퍼 내 변화만 존재",,,,,,0.0,0.3,0.15,LOW,-1.05380060973698,0.013,COLD_95
lt_c_spbd.4107804470,412810084551,4128111200103580001000001,경기도,고양시 덕양구,동산동,동산1로,16,0,,,0,,,4.0,0.0,16,41281,3194067,112,4128111200103580001,126.88545125920405,37.643065485940184,,단독주택,165.82,493.08,4.0,0.0,20130329,20130404,20131004,True,pnu,0.6,189.69,0.0,0.0,,True,,OTHER_CHANGE,"건물 본체 미교차, 버퍼 내 변화만 존재",,,,,,0.0,0.3,0.15,LOW,-1.05380060973698,0.013,COLD_95
lt_c_spbd.4107803472,412810081028,4128111300106400001000001,경기도,고양시 덕양구,용두동,서오릉로,577,161,,,0,,,1.0,0.0,577-161,41281,3000007,113,4128111300106400001,126.87670570997115,37.62851931751456,,,,,,,,,,False,,1.0,290.75,290.75,1.0,0.9316,False,CHG_00025,NEW_BUILDING,"change_ratio=1.00 >= 0.5 - 신축 추정 (건축물대장 미매칭, change_ratio 휴리스틱)",,,,,,0.9316,1.0,0.9726,HIGH,-0.0461457718768609,0.679,NOT_SIG
lt_c_spbd.4107803452,412810079527,4128111300106410001000001,경기도,고양시 덕양구,용두동,서오릉로,569,10,,,0,,,1.0,0.0,569-10,41281,3000007,113,4128111300106410001,126.87767863644521,37.63017253577992,,,,,,,,,,False,,1.0,171.42,171.42,1.0,0.8698,False,CHG_00023,NEW_BUILDING,"change_ratio=1.00 >= 0.5 - 신축 추정 (건축물대장 미매칭, change_ratio 휴리스틱)",,,,,,0.8698,1.0,0.9479,HIGH,-0.22453796649780688,0.323,NOT_SIG
lt_c_spbd.4107803470,412810092927,4128111300105680005000001,경기도,고양시 덕양구,용두동,서오릉로,577,123,,,0,,,1.0,0.0,577-123,41281,3000007,113,4128111300105680005,126.8772312576842,37.6309778932942,,,,,,,,,,False,,1.0,789.28,466.16,0.5906,0.8698,False,CHG_00023,NEW_BUILDING,"change_ratio=0.59 >= 0.5 - 신축 추정 (건축물대장 미매칭, change_ratio 휴리스틱)",,,,,,0.8698,1.0,0.8251,HIGH,-0.07355725544056771,0.746,NOT_SIG
lt_c_spbd.4107798854,412810112536,4128111300105700011000001,경기도,고양시 덕양구,용두동,서오릉로,540,82,,,0,,,1.0,0.0,540-82,41281,3000007,113,4128111300105700011,126.87763152748906,37.63285331920499,,,,,,,,,,False,,1.0,224.38,0.0,0.0,,True,,OTHER_CHANGE,"건물 본체 미교차, 버퍼 내 변화만 존재",,,,,,0.0,0.3,0.23,LOW,-0.24407408732336922,0.905,NOT_SIG
lt_c_spbd.4107803394,412810079479,4128111300105200001000001,경기도,고양시 덕양구,용두동,고양대로,1834,182,,,0,,,1.0,0.0,1834-182,41281,2192001,113,4128111300105200001,126.87717949000967,37.63640674508274,,,,,,,,,,False,,1.0,133.31,4.92,0.0369,0.8985,False,CHG_00017,EXPANSION_OR_RECONSTRUCTION,"change_ratio=0.04 - 부분 변화, 증축/개축 추정 (건축물대장 미매칭, change_ratio 휴리스틱)",,,,,,0.8985,1.0,0.6705,MEDIUM,-0.26448041397635036,0.453,NOT_SIG
lt_c_spbd.4107788017,412810021601,4128111300100010013034002,경기도,고양시 덕양구,용두동,서오릉로,324,14,,,0,,,1.0,0.0,324-14,41281,3000007,113,4128111300100010013,126.90282555149682,37.62191510982818,,,,,,,,,,False,,1.0,13.83,13.83,1.0,1.0,False,CHG_00047,NEW_BUILDING,"change_ratio=1.00 >= 0.5 - 신축 추정 (건축물대장 미매칭, change_ratio 휴리스틱)",,,,,,1.0,1.0,1.0,HIGH,1.0485731590165543,0.003,HOT_99
lt_c_spbd.4107788016,412810021600,4128111300100010013034001,경기도,고양시 덕양구,용두동,서오릉로,324,14,,,0,,,1.0,0.0,324-14,41281,3000007,113,4128111300100010013,126.90296574766525,37.62206818647352,,,,,,,,,,False,,1.0,10.11,10.11,1.0,1.0,False,CHG_00047,NEW_BUILDING,"change_ratio=1.00 >= 0.5 - 신축 추정 (건축물대장 미매칭, change_ratio 휴리스틱)",,,,,,1.0,1.0,1.0,HIGH,1.0485731590165543,0.003,HOT_99
,,,,,,,,,,,,,,,,,,,,,,,,,,,,,,,,,,1.0,,900.28,0.0,0.805,,CHG_00001,OTHER_CHANGE,"건물과 미교차, 변화강도/면적 기준 미달 - 토지조성/기타 추정",CHG_00001,0.575,2024-05-31,2026-05-31,ensemble,0.805,0.3,0.552,MEDIUM,-0.4515746668714891,0.259,NOT_SIG
,,,,,,,,,,,,,,,,,,,,,,,,,,,,,,,,,,1.0,,4401.35,0.0,0.7859,,CHG_00003,DEMOLITION,"건물과 미교차 + mean_change_score=0.60 >= 0.6 - 철거 추정 (T1 건물 유무 미확인, 이미지 변화 강도 기반 추정)",CHG_00003,0.6004,2024-05-31,2026-05-31,ensemble,0.7859,1.0,0.6144,MEDIUM,-0.9850543493708595,0.007,COLD_99
,,,,,,,,,,,,,,,,,,,,,,,,,,,,,,,,,,1.0,,1200.37,0.0,0.6147,,CHG_00004,OTHER_CHANGE,"건물과 미교차, 변화강도/면적 기준 미달 - 토지조성/기타 추정",CHG_00004,0.537,2024-05-31,2026-05-31,ensemble,0.6147,0.3,0.4759,MEDIUM,0.18820065744714234,0.321,NOT_SIG
,,,,,,,,,,,,,,,,,,,,,,,,,,,,,,,,,,1.0,,3801.17,0.0,0.6159,,CHG_00006,OTHER_CHANGE,"건물과 미교차, 변화강도/면적 기준 미달 - 토지조성/기타 추정",CHG_00006,0.5441,2024-05-31,2026-05-31,ensemble,0.6159,0.3,0.4764,MEDIUM,-1.1837658500620452,0.003,COLD_99
,,,,,,,,,,,,,,,,,,,,,,,,,,,,,,,,,,1.0,,2300.71,0.0,0.6999,,CHG_00007,DEMOLITION,"건물과 미교차 + mean_change_score=0.60 >= 0.6 - 철거 추정 (T1 건물 유무 미확인, 이미지 변화 강도 기반 추정)",CHG_00007,0.6042,2024-05-31,2026-05-31,ensemble,0.6999,1.0,0.58,MEDIUM,-0.16984553024450758,0.721,NOT_SIG
,,,,,,,,,,,,,,,,,,,,,,,,,,,,,,,,,,1.0,,1800.55,0.0,0.8448,,CHG_00009,DEMOLITION,"건물과 미교차 + mean_change_score=0.65 >= 0.6 - 철거 추정 (T1 건물 유무 미확인, 이미지 변화 강도 기반 추정)",CHG_00009,0.6542,2024-05-31,2026-05-31,ensemble,0.8448,1.0,0.6379,MEDIUM,-0.09657419957580621,0.847,NOT_SIG
,,,,,,,,,,,,,,,,,,,,,,,,,,,,,,,,,,1.0,,2900.89,0.0,0.8452,,CHG_00011,DEMOLITION,"건물과 미교차 + mean_change_score=0.67 >= 0.6 - 철거 추정 (T1 건물 유무 미확인, 이미지 변화 강도 기반 추정)",CHG_00011,0.6676,2024-05-31,2026-05-31,ensemble,0.8452,1.0,0.6381,MEDIUM,-0.37625835250835293,0.295,NOT_SIG
,,,,,,,,,,,,,,,,,,,,,,,,,,,,,,,,,,1.0,,1500.46,0.0,0.6229,,CHG_00012,OTHER_CHANGE,"건물과 미교차, 변화강도/면적 기준 미달 - 토지조성/기타 추정",CHG_00012,0.5564,2024-05-31,2026-05-31,ensemble,0.6229,0.3,0.4792,MEDIUM,-0.26448041397635036,0.617,NOT_SIG
,,,,,,,,,,,,,,,,,,,,,,,,,,,,,,,,,,1.0,,900.28,0.0,0.6829,,CHG_00013,DEMOLITION,"건물과 미교차 + mean_change_score=0.62 >= 0.6 - 철거 추정 (T1 건물 유무 미확인, 이미지 변화 강도 기반 추정)",CHG_00013,0.6207,2024-05-31,2026-05-31,ensemble,0.6829,1.0,0.5732,MEDIUM,-0.7105479211114575,0.035,COLD_95
,,,,,,,,,,,,,,,,,,,,,,,,,,,,,,,,,,1.0,,2500.77,0.0,0.7519,,CHG_00014,DEMOLITION,"건물과 미교차 + mean_change_score=0.61 >= 0.6 - 철거 추정 (T1 건물 유무 미확인, 이미지 변화 강도 기반 추정)",CHG_00014,0.6129,2024-05-31,2026-05-31,ensemble,0.7519,1.0,0.6008,MEDIUM,-0.7105479211114575,0.029,COLD_95
,,,,,,,,,,,,,,,,,,,,,,,,,,,,,,,,,,1.0,,900.28,0.0,0.7197,,CHG_00015,OTHER_CHANGE,"건물과 미교차, 변화강도/면적 기준 미달 - 토지조성/기타 추정",CHG_00015,0.5445,2024-05-31,2026-05-31,ensemble,0.7197,0.3,0.5179,MEDIUM,-0.5971165915073587,0.111,NOT_SIG
,,,,,,,,,,,,,,,,,,,,,,,,,,,,,,,,,,1.0,,2300.71,0.0,0.8146,,CHG_00022,DEMOLITION,"건물과 미교차 + mean_change_score=0.61 >= 0.6 - 철거 추정 (T1 건물 유무 미확인, 이미지 변화 강도 기반 추정)",CHG_00022,0.611,2024-05-31,2026-05-31,ensemble,0.8146,1.0,0.6258,MEDIUM,0.23719324553084584,0.341,NOT_SIG
,,,,,,,,,,,,,,,,,,,,,,,,,,,,,,,,,,1.0,,900.28,0.0,0.7407,,CHG_00024,DEMOLITION,"건물과 미교차 + mean_change_score=0.68 >= 0.6 - 철거 추정 (T1 건물 유무 미확인, 이미지 변화 강도 기반 추정)",CHG_00024,0.6792,2024-05-31,2026-05-31,ensemble,0.7407,1.0,0.5963,MEDIUM,-0.22453796649780688,0.591,NOT_SIG
,,,,,,,,,,,,,,,,,,,,,,,,,,,,,,,,,,1.0,,900.28,0.0,0.778,,CHG_00027,DEMOLITION,"건물과 미교차 + mean_change_score=0.69 >= 0.6 - 철거 추정 (T1 건물 유무 미확인, 이미지 변화 강도 기반 추정)",CHG_00027,0.6877,2024-05-31,2026-05-31,ensemble,0.778,1.0,0.6112,MEDIUM,-0.4361720237261688,0.245,NOT_SIG
,,,,,,,,,,,,,,,,,,,,,,,,,,,,,,,,,,1.0,,2800.86,0.0,0.9906,,CHG_00028,DEMOLITION,"건물과 미교차 + mean_change_score=0.75 >= 0.6 - 철거 추정 (T1 건물 유무 미확인, 이미지 변화 강도 기반 추정)",CHG_00028,0.7541,2024-05-31,2026-05-31,ensemble,0.9906,1.0,0.6962,MEDIUM,0.09796031314376645,0.683,NOT_SIG
,,,,,,,,,,,,,,,,,,,,,,,,,,,,,,,,,,1.0,,900.28,0.0,0.7597,,CHG_00029,DEMOLITION,"건물과 미교차 + mean_change_score=0.64 >= 0.6 - 철거 추정 (T1 건물 유무 미확인, 이미지 변화 강도 기반 추정)",CHG_00029,0.638,2024-05-31,2026-05-31,ensemble,0.7597,1.0,0.6039,MEDIUM,-0.47102376711430954,0.211,NOT_SIG
,,,,,,,,,,,,,,,,,,,,,,,,,,,,,,,,,,1.0,,3801.17,0.0,0.8501,,CHG_00032,DEMOLITION,"건물과 미교차 + mean_change_score=0.66 >= 0.6 - 철거 추정 (T1 건물 유무 미확인, 이미지 변화 강도 기반 추정)",CHG_00032,0.6604,2024-05-31,2026-05-31,ensemble,0.8501,1.0,0.64,MEDIUM,-0.3756056981377894,0.293,NOT_SIG
,,,,,,,,,,,,,,,,,,,,,,,,,,,,,,,,,,1.0,,5301.63,0.0,0.8665,,CHG_00035,DEMOLITION,"건물과 미교차 + mean_change_score=0.61 >= 0.6 - 철거 추정 (T1 건물 유무 미확인, 이미지 변화 강도 기반 추정)",CHG_00035,0.6083,2024-05-31,2026-05-31,ensemble,0.8665,1.0,0.6466,MEDIUM,-0.5670509801700236,0.103,NOT_SIG
,,,,,,,,,,,,,,,,,,,,,,,,,,,,,,,,,,1.0,,1800.55,0.0,0.5746,,CHG_00036,OTHER_CHANGE,"건물과 미교차, 변화강도/면적 기준 미달 - 토지조성/기타 추정",CHG_00036,0.5416,2024-05-31,2026-05-31,ensemble,0.5746,0.3,0.4598,MEDIUM,-0.03831391943008786,0.801,NOT_SIG
,,,,,,,,,,,,,,,,,,,,,,,,,,,,,,,,,,1.0,,2400.74,0.0,0.813,,CHG_00038,DEMOLITION,"건물과 미교차 + mean_change_score=0.67 >= 0.6 - 철거 추정 (T1 건물 유무 미확인, 이미지 변화 강도 기반 추정)",CHG_00038,0.6656,2024-05-31,2026-05-31,ensemble,0.813,1.0,0.6252,MEDIUM,-0.3029000012569101,0.423,NOT_SIG
,,,,,,,,,,,,,,,,,,,,,,,,,,,,,,,,,,1.0,,3401.05,0.0,0.7161,,CHG_00048,OTHER_CHANGE,"건물과 미교차, 변화강도/면적 기준 미달 - 토지조성/기타 추정",CHG_00048,0.559,2024-05-31,2026-05-31,ensemble,0.7161,0.3,0.5164,MEDIUM,0.4158029916086476,0.089,HOT_90
,,,,,,,,,,,,,,,,,,,,,,,,,,,,,,,,,,1.0,,900.28,0.0,0.7854,,CHG_00049,DEMOLITION,"건물과 미교차 + mean_change_score=0.69 >= 0.6 - 철거 추정 (T1 건물 유무 미확인, 이미지 변화 강도 기반 추정)",CHG_00049,0.6926,2024-05-31,2026-05-31,ensemble,0.7854,1.0,0.6142,MEDIUM,0.3094203292066436,0.257,NOT_SIG
,,,,,,,,,,,,,,,,,,,,,,,,,,,,,,,,,,1.0,,5001.54,0.0,0.8332,,CHG_00050,DEMOLITION,"건물과 미교차 + mean_change_score=0.69 >= 0.6 - 철거 추정 (T1 건물 유무 미확인, 이미지 변화 강도 기반 추정)",CHG_00050,0.6856,2024-05-31,2026-05-31,ensemble,0.8332,1.0,0.6333,MEDIUM,0.29662830354358116,0.279,NOT_SIG
,,,,,,,,,,,,,,,,,,,,,,,,,,,,,,,,,,1.0,,8002.46,0.0,0.9376,,CHG_00058,DEMOLITION,"건물과 미교차 + mean_change_score=0.74 >= 0.6 - 철거 추정 (T1 건물 유무 미확인, 이미지 변화 강도 기반 추정)",CHG_00058,0.7385,2024-05-31,2026-05-31,ensemble,0.9376,1.0,0.675,MEDIUM,-1.1199797629122141,0.003,COLD_99
,,,,,,,,,,,,,,,,,,,,,,,,,,,,,,,,,,1.0,,900.28,0.0,0.6406,,CHG_00060,OTHER_CHANGE,"건물과 미교차, 변화강도/면적 기준 미달 - 토지조성/기타 추정",CHG_00060,0.5811,2024-05-31,2026-05-31,ensemble,0.6406,0.3,0.4862,MEDIUM,-0.11406533670693371,0.979,NOT_SIG
,,,,,,,,,,,,,,,,,,,,,,,,,,,,,,,,,,1.0,,2600.8,0.0,0.638,,CHG_00061,OTHER_CHANGE,"건물과 미교차, 변화강도/면적 기준 미달 - 토지조성/기타 추정",CHG_00061,0.5717,2024-05-31,2026-05-31,ensemble,0.638,0.3,0.4852,MEDIUM,-0.6794380627812197,0.063,COLD_90
,,,,,,,,,,,,,,,,,,,,,,,,,,,,,,,,,,1.0,,2900.89,0.0,0.6986,,CHG_00063,OTHER_CHANGE,"건물과 미교차, 변화강도/면적 기준 미달 - 토지조성/기타 추정",CHG_00063,0.5923,2024-05-31,2026-05-31,ensemble,0.6986,0.3,0.5094,MEDIUM,-1.1199797629122141,0.003,COLD_99
,,,,,,,,,,,,,,,,,,,,,,,,,,,,,,,,,,1.0,,900.28,0.0,0.715,,CHG_00064,OTHER_CHANGE,"건물과 미교차, 변화강도/면적 기준 미달 - 토지조성/기타 추정",CHG_00064,0.5857,2024-05-31,2026-05-31,ensemble,0.715,0.3,0.516,MEDIUM,0.0707663810369154,0.575,NOT_SIG
,,,,,,,,,,,,,,,,,,,,,,,,,,,,,,,,,,1.0,,900.28,0.0,0.6637,,CHG_00066,OTHER_CHANGE,"건물과 미교차, 변화강도/면적 기준 미달 - 토지조성/기타 추정",CHG_00066,0.5858,2024-05-31,2026-05-31,ensemble,0.6637,0.3,0.4955,MEDIUM,-0.09474676733822572,0.989,NOT_SIG
,,,,,,,,,,,,,,,,,,,,,,,,,,,,,,,,,,1.0,,3901.2,0.0,0.7765,,CHG_00067,DEMOLITION,"건물과 미교차 + mean_change_score=0.61 >= 0.6 - 철거 추정 (T1 건물 유무 미확인, 이미지 변화 강도 기반 추정)",CHG_00067,0.6064,2024-05-31,2026-05-31,ensemble,0.7765,1.0,0.6106,MEDIUM,-0.09474676733822572,0.871,NOT_SIG
,,,,,,,,,,,,,,,,,,,,,,,,,,,,,,,,,,1.0,,77423.79,0.0,0.9886,,CHG_00069,DEMOLITION,"건물과 미교차 + mean_change_score=0.75 >= 0.6 - 철거 추정 (T1 건물 유무 미확인, 이미지 변화 강도 기반 추정)",CHG_00069,0.7537,2024-05-31,2026-05-31,ensemble,0.9886,1.0,0.6954,MEDIUM,-0.9174828668717551,0.009,COLD_99
,,,,,,,,,,,,,,,,,,,,,,,,,,,,,,,,,,1.0,,4301.32,0.0,1.0,,CHG_00070,DEMOLITION,"건물과 미교차 + mean_change_score=0.77 >= 0.6 - 철거 추정 (T1 건물 유무 미확인, 이미지 변화 강도 기반 추정)",CHG_00070,0.7708,2024-05-31,2026-05-31,ensemble,1.0,1.0,0.7,HIGH,0.5786620122101599,0.037,HOT_95
