file_path,bytes,sha256,selected_input_or_output,inventory_note
data\projects\hwaseong_jinan\aoi\hwaseong_jinan_official.gpkg,135168,957fd8e551edb0db09eb0479f30331643529ee8fe01dc5cf1f34d511f67937e0,True,
data\projects\hwaseong_jinan\processed\buildings.gpkg,1175552,ca81e299469a06f3f665f2e60a468806b782a42ed6eb2099343dd75725786418,True,
data\projects\hwaseong_jinan\processed\cadastre.gpkg,4632576,0ce50f0b384e055c86a75ab4c0c0b1cc1b89e9b185fb67fa26551b414fb3cca0,True,
data\projects\hwaseong_jinan\processed\cadastre_arcpy.geojson,3574375,43b09af53647ab456cb50926f64b0018d79f33f847319cd223d977eaa092b467,True,
data\projects\hwaseong_jinan\source_docs\국토교통부_2024-81_2024-02-07_01_화성진안 공공주택지구_지형도면고시도(01).jpg,3528381,a7cc01dac61d213bb56f29ccdd420538f31a5f02784160c01efcad03a372be88,True,
data\projects\hwaseong_jinan\source_docs\국토교통부_2024-81_2024-02-07_02_화성진안 공공주택지구_지형도면고시도(02).jpg,2838561,4456c5e583c6cf6eb9bf80d35b36f6dfee37ef310f27ee0c5fbc8a8526abc31f,True,
data\projects\hwaseong_jinan\source_docs\국토교통부_2024-81_2024-02-07_03_화성진안 공공주택지구_지형도면고시총괄도.jpg,3901709,09b9154d20b80779a9973396f6f7e1481c95ffbfb63948cb21ca87150213cfda,True,
data\projects\hwaseong_jinan\source_docs\국토교통부_제2024-81호_고시.pdf,1689134,d6f1f91b89e6dacecae50c9b55254891e38fa63ec27f0f32a64b54f49e53a357,True,
data\projects\hwaseong_jinan\source_docs\화성진안_환경영향평가서초안_요약문_2025-09.pdf,2105946,b78a6b1839d058e8e6b691ee85e3b5646e3fb9ff728963e77d446d49bd5ebf2f,True,
data\projects\hwaseong_jinan\processed\imagery\t0_stack.tif,319240,cdc6283c23af4532515460f9515ac3c032db37bb2cba00e3c47321af086ac076,True,
data\projects\hwaseong_jinan\processed\imagery\t1_stack.tif,313738,db162b0b88c13b5404536390c0aa4606d75f090c8f5f068d4ab4db7b7a56493a,True,
data\projects\hwaseong_jinan\processed\imagery\t2_stack.tif,319400,b03e2a13ec4216b5b323ec15733c8db7bbd2e4db02a78f2d042361d46d427060,True,
data\projects\hwaseong_jinan\processed\imagery\_tmp_reproject\B02_reproj.tif,79490,9ab2815003988ef007d7e39e40d855380a72cca4d984290949138ac106d62785,True,
data\projects\hwaseong_jinan\processed\imagery\_tmp_reproject\B03_reproj.tif,79263,95083141606033316ed42b252e65498d5ac7b38c3188b4ad29e63648cec7e214,True,
data\projects\hwaseong_jinan\processed\imagery\_tmp_reproject\B04_reproj.tif,79740,ee6409ba00c6fa9752e7e3d4e5c3fd20d9dba16d6882a35045cd30dedb8a6d64,True,
data\projects\hwaseong_jinan\processed\imagery\_tmp_reproject\B08_reproj.tif,83203,3591957953c45fc27dc184b1cf6a12ecbf672240ea1289b2daebf8c9229c18d7,True,
data\projects\hwaseong_jinan\raw\buildings\bbox.geojson,5360736,93504471087682dd1b0fd636254b02bd4ac51ec3cf45ce2e3312a9f5db8d1e19,True,
data\projects\hwaseong_jinan\raw\building_permits\basic_outline.json,6496137,66217a4d43f562792965f63a0162e7dc422c36ee0ef792eca497f7637fe340c3,True,
data\projects\hwaseong_jinan\raw\building_register\title_info.json,10957369,65446b7c9f8b5586e1b0aec2ca2c9582c912fe47a40f50462174c4bd8ef9ff46,True,
data\projects\hwaseong_jinan\raw\cadastre\lp_pa_cbnd_bonbun.geojson,3883194,1d547051b10e4618400d062c5739f22a446ad3428ebb8f8f2c3a191e84276aab,True,
data\projects\hwaseong_jinan\raw\cadastre\lp_pa_cbnd_bubun.geojson,12307147,ccc3dcc49410141c2ee576245896468f40faf7c361b6fc76aebcb2780370daa6,True,
data\projects\hwaseong_jinan\raw\imagery\t0\S2A_MSIL2A_20210522T021601_R003_T52SCG_20210522T175905_B02.tif,74168,5d2a2c4a363e7c42d365c726e1d8470ac3ea86303dcd60dc641da3037d905fed,False,"superseded scene retained, not analyzed"
data\projects\hwaseong_jinan\raw\imagery\t0\S2A_MSIL2A_20210522T021601_R003_T52SCG_20210522T175905_B03.tif,72065,bb66daabc811024d81d85b57fcfba9546beb070fc001cb8ecdd920f493bdfdf8,False,"superseded scene retained, not analyzed"
data\projects\hwaseong_jinan\raw\imagery\t0\S2A_MSIL2A_20210522T021601_R003_T52SCG_20210522T175905_B04.tif,73252,1a2404d8c556a668e14866fe85e6f5c20d954128ae4d45b3ceeb5cdcc58b6d28,False,"superseded scene retained, not analyzed"
data\projects\hwaseong_jinan\raw\imagery\t0\S2A_MSIL2A_20210522T021601_R003_T52SCG_20210522T175905_B08.tif,74293,aff2750787b5c6625f688f38a5ad42ef2d4cf73295d7ac6b401aac382ff697ea,False,"superseded scene retained, not analyzed"
data\projects\hwaseong_jinan\raw\imagery\t0\S2A_MSIL2A_20210522T021601_R003_T52SCG_20210522T175905_SCL.tif,3537,21c182bb10ba8398b19a1696fe672f19672cd5108c6480d859d4f804aa26d099,False,"superseded scene retained, not analyzed"
data\projects\hwaseong_jinan\raw\imagery\t0\S2A_T52SCG_20200825T021608_L2A_B02.tif,78826,fd021722e9857bf9e17e1183a54e0225249e4eabcf4817a41fbeaa1717f9c636,True,
data\projects\hwaseong_jinan\raw\imagery\t0\S2A_T52SCG_20200825T021608_L2A_B03.tif,77823,40e84045e3a15129b376b1a031c8e335ba7f6895ed15eb43ec4992f66a8a4847,True,
data\projects\hwaseong_jinan\raw\imagery\t0\S2A_T52SCG_20200825T021608_L2A_B04.tif,78772,50cb817f0662041d7a4a9078bb50882b026864872bbaf7c04f0f0a26e37b7484,True,
data\projects\hwaseong_jinan\raw\imagery\t0\S2A_T52SCG_20200825T021608_L2A_B08.tif,83333,6f550dc2a041a7cac39a47896574dbff9342f216c67dfd91331adb1a9c357399,True,
data\projects\hwaseong_jinan\raw\imagery\t0\S2A_T52SCG_20200825T021608_L2A_SCL.tif,3205,16717de86ba0333d8ed382eb3ea4cb8f7580f5f65f4e257170c3752bcecf52f3,True,
data\projects\hwaseong_jinan\raw\imagery\t1\S2A_MSIL2A_20240516T021611_R003_T52SCG_20240516T092316_B02.tif,74943,32542abb969685e8d9f3b0c466fc78abc085f1037fc07b5a093bc7fbadd0288f,False,"superseded scene retained, not analyzed"
data\projects\hwaseong_jinan\raw\imagery\t1\S2A_MSIL2A_20240516T021611_R003_T52SCG_20240516T092316_B03.tif,73458,1827a39606564c276e6bc7f5b08dd8e304c0e2ad11e263f07a67814d272cec8c,False,"superseded scene retained, not analyzed"
data\projects\hwaseong_jinan\raw\imagery\t1\S2A_MSIL2A_20240516T021611_R003_T52SCG_20240516T092316_B04.tif,74806,a703e4545f3da7cc5f112a40a7a6541c551b4dd6414ea4576d4d1e7aef5676e9,False,"superseded scene retained, not analyzed"
data\projects\hwaseong_jinan\raw\imagery\t1\S2A_MSIL2A_20240516T021611_R003_T52SCG_20240516T092316_B08.tif,74405,f2e8471d2df0dfa693ed03a02ccd6b1fc66c673120a4178521243c3ec1ede4b3,False,"superseded scene retained, not analyzed"
data\projects\hwaseong_jinan\raw\imagery\t1\S2A_MSIL2A_20240516T021611_R003_T52SCG_20240516T092316_SCL.tif,3305,2ceca8c3eb93d4ac6d31ca34c0ec90a2fdc9cdf88876d6fa1105a4359dda1448,False,"superseded scene retained, not analyzed"
data\projects\hwaseong_jinan\raw\imagery\t1\S2A_T52SCG_20230909T022102_L2A_B02.tif,76216,31c6339a8fad1417d296ae5c938771a77394ab242b3e048d39c8efcddff0b58a,True,
data\projects\hwaseong_jinan\raw\imagery\t1\S2A_T52SCG_20230909T022102_L2A_B03.tif,75020,eb5c6e9f7c22570b71ce0d4bdf119954ffaa271304270799bbd37118a1e2bdb8,True,
data\projects\hwaseong_jinan\raw\imagery\t1\S2A_T52SCG_20230909T022102_L2A_B04.tif,77334,159a1f0bb220b14abc5f2afa6ff806b296a0bb09a7b91e4bbb1f0b754629add0,True,
data\projects\hwaseong_jinan\raw\imagery\t1\S2A_T52SCG_20230909T022102_L2A_B08.tif,82501,fa73bbab2c3bf4b88c4e0a4744e21503d8f7bad8cecbbeffdc4d4c9cf3d54dd9,True,
data\projects\hwaseong_jinan\raw\imagery\t1\S2A_T52SCG_20230909T022102_L2A_SCL.tif,2977,e3fae72ea3b127588c11732994538247088dc21a5002824c5d8b941465d5753b,True,
data\projects\hwaseong_jinan\raw\imagery\t2\S2B_T52SCG_20260908T022010_L2A_B02.tif,79644,ea5657526ed09f583fe0af60b06cf743457f756a2e722bb25f6b5beb2b3a8264,True,
data\projects\hwaseong_jinan\raw\imagery\t2\S2B_T52SCG_20260908T022010_L2A_B03.tif,79367,f03fd13129226de8252d3888d6d7c151cc7e8bb5e514f2c21a90d71659922362,True,
data\projects\hwaseong_jinan\raw\imagery\t2\S2B_T52SCG_20260908T022010_L2A_B04.tif,79702,2d12668205e66f29ecc0305ef61aaa7d46fc992e92cea9fd039edaf0a4655e27,True,
data\projects\hwaseong_jinan\raw\imagery\t2\S2B_T52SCG_20260908T022010_L2A_B08.tif,83593,6ed7cfe8dacb0ff514f8b57e8d3a77d797c1eabfbd31ce6464f573452c8a1556,True,
data\projects\hwaseong_jinan\raw\imagery\t2\S2B_T52SCG_20260908T022010_L2A_SCL.tif,3111,a2e429c3e7f7e3ca3323b6e25512f430bddd28890117850e3d0a64505d201554,True,
data\projects\hwaseong_jinan\raw\imagery\t2\S2C_MSIL2A_20260516T021531_R003_T52SCG_20260516T060210_B02.tif,76562,624510898f8c983273eb9c5b58c08ea0f65c7484271e04c9e659f45add78672d,False,"superseded scene retained, not analyzed"
data\projects\hwaseong_jinan\raw\imagery\t2\S2C_MSIL2A_20260516T021531_R003_T52SCG_20260516T060210_B03.tif,76192,241a3c224d49bde5aabd5e7bfa37e42f1afd30f78fa5b20b68912d7b9d014471,False,"superseded scene retained, not analyzed"
data\projects\hwaseong_jinan\raw\imagery\t2\S2C_MSIL2A_20260516T021531_R003_T52SCG_20260516T060210_B04.tif,77366,49cd19541536ade94ccde67309ce154ee27248e254dfc39f315878b408740010,False,"superseded scene retained, not analyzed"
data\projects\hwaseong_jinan\raw\imagery\t2\S2C_MSIL2A_20260516T021531_R003_T52SCG_20260516T060210_B08.tif,79033,190a37d7a7c92da8d4d980b5e993c567102317d9a449630456b143e4d6b751f4,False,"superseded scene retained, not analyzed"
data\projects\hwaseong_jinan\raw\imagery\t2\S2C_MSIL2A_20260516T021531_R003_T52SCG_20260516T060210_SCL.tif,2757,7233c7800cc0944cbf481562ec93f077611fd5c48f151de01bc4e9b73f8a65df,False,"superseded scene retained, not analyzed"
outputs\hwaseong_jinan\acquisition_result.json,4063,90d6b8f9a29505169b0257bddab1198f5600139d2477d06613fd99755a1c6f25,True,
outputs\hwaseong_jinan\analysis_summary.json,1989,701065bc4448674642507b39cf16fe897bf6c5b5d1864453a4713097127c7ce3,True,
outputs\hwaseong_jinan\resolved_analysis_config.yaml,13321,0e4d3fbffeb11bf007686f911eceb38504440e3ecbebf34489d54c285c6c8d65,True,
outputs\hwaseong_jinan\arcgis\aoi.zip,37732,75d41497454bc687a750b49f59943e206fe3d7315dfb4f3c117c155d11bef7a3,True,
outputs\hwaseong_jinan\arcgis\change_polygons.zip,31900,103e61f3f115850e8f59562eedde1a4f69eba88d9945fb22c0b75cf48eff495f,True,
outputs\hwaseong_jinan\arcgis\hwaseong_jinan.aprx,336439,edd6125b399fbd0ff9025341cc925a342ebffa2d5986a5a7a38545bc527be4ba,True,
outputs\hwaseong_jinan\arcgis\parcels.zip,79041,744d07eb9e334bb0b7a74a3bb05ca640d88ea7a224c081d4ec50dd2236e5d4de,True,
outputs\hwaseong_jinan\arcgis\progress.zip,37504,e21573a59c7fb304b1c33bc7178e3803901f22b1804925f61a0273cde2f53d03,True,
outputs\hwaseong_jinan\arcgis\results.zip,95541,f498d2714f33a1ebdc6ad144c1046bcfc14284ca9d73af34d73a0a7bf7bb8764,True,
outputs\hwaseong_jinan\arcgis\sites.zip,29315,6a0e006996a9991382fed358ddda1dc92a61159fe20ae7f6474c746da5fdb560,True,
outputs\hwaseong_jinan\arcgis\t1_stack.tfw,91,b0458566da4db3df562ffc207b430177120c038713e8172d116db183e566b2d3,True,
outputs\hwaseong_jinan\arcgis\t1_stack.tif,405288,97a720855fa1b0f720599c48b2e20f2f15674a5a5d99620dfe6b61906e8de093,True,
outputs\hwaseong_jinan\arcgis\t1_stack.tif.aux.xml,6982,d9a45a0a0f9dbf1f54bf9d8751c1e6f5a436665ccc2c85b40d3c9d1627bbd5b0,True,
outputs\hwaseong_jinan\arcgis\t1_stack.tif.xml,807,cff28ebee0dc6c9e121d97f86e7b2e86f9256f3ee9cb9de9d1810a850744ae43,True,
outputs\hwaseong_jinan\arcgis\t2_stack.tfw,91,b0458566da4db3df562ffc207b430177120c038713e8172d116db183e566b2d3,True,
outputs\hwaseong_jinan\arcgis\t2_stack.tif,406144,04473c7176adcbaf03926479b666c3ac6553797932e34844ad2700e6625f3c75,True,
outputs\hwaseong_jinan\arcgis\t2_stack.tif.aux.xml,6780,88d97b95bb21fad6c44c010360adf1217d0e8dc4c36d88481f9ec7046c2e718b,True,
outputs\hwaseong_jinan\arcgis\t2_stack.tif.xml,807,43736915aec9b69aaf174ee882ee337bb2be7be4d69dc43d3e0383f35f6430be,True,
outputs\hwaseong_jinan\reports\arcgis_publication.json,22922,350b18e0015eca9c326af4a917818dae12f3d1dde5614fede222dc8766ba091c,True,
outputs\hwaseong_jinan\reports\arcpy_execution_status.json,26961,fa382360fe1e25054e534784a8bb98ba9bcaacefd06560c0a689a852daa93100,True,
outputs\hwaseong_jinan\reports\classification_threshold_calibration.md,2476,bd6b8b1cd03555baa1bbaf631b25f576f99ab8d7bfca497768694f990bed688f,True,
outputs\hwaseong_jinan\reports\data_inventory.csv,15653,59ef79144f6a4c01a05a0b44133208689133d6ebdab7af7030b272cac0067b40,True,
outputs\hwaseong_jinan\reports\execution_record.json,2060,a026c33edd60d1f5e6fa1d212ed59762ac1dba86934feb16a0b6c9feb2e1f247,True,
outputs\hwaseong_jinan\reports\field_survey_workorder.csv,17089,a8f5f90401c907cad60b9f8fd82e49fdcfd657ba3be91e61caba3f0dfec1a3be,True,
outputs\hwaseong_jinan\reports\hwaseong_jinan_analysis_report.html,4648,51858947c2722b95c048a4ecf926627c589148df44df517844161c54db3cc1ad,True,
outputs\hwaseong_jinan\reports\hwaseong_jinan_briefing.html,4648,0d630b5b0f0f58b376a5189fb33d54dcf9ee0792ec3bef95146f903590748567,True,
outputs\hwaseong_jinan\reports\hwaseong_jinan_field_report.pdf,1536194,20548f122da8823abf4f5f3fb058c5632f13e1f0f740e538513fa54154035c8a,True,
outputs\hwaseong_jinan\reports\lh_traceability.md,15484,17d9e9c2a182367f3b8f2f68c01bd9b760dd16c385b49c7f7784c437f3cd06d8,True,
outputs\hwaseong_jinan\reports\manual_validation_sample.csv,21934,c686201f367ad3cf980c15ed87db1f6911d15c043f3dc85f2f9261b8c5e94246,True,
outputs\hwaseong_jinan\reports\official_source_register.csv,913,b76b65f7bb7b59389d1f611854a281d286531132a5b9647c29e5b248e7186bd4,True,
outputs\hwaseong_jinan\reports\reality_capture_plan.md,2744,5c24c9df7fce3ebccede988e8bd2f33961677ec9e03b30547e2cffad52b9478f,True,
outputs\hwaseong_jinan\reports\tasking_request.md,3044,6dbaf2db4b7933b0d8d5ed3a1f300a72215708ae9252a55b4b37a700be23f5ae,True,
outputs\hwaseong_jinan\reports\threshold_sensitivity.csv,597,4b3c0dac77ffb1d2815ce00beeb3b54d09582de30526137e8cfbb6cef278d1a2,True,
outputs\hwaseong_jinan\reports\_req03_rerun_result.json,363,93e63baacaafab13d5d080ab32fb5a2b1802a6612948975b309ac1377989ac12,True,
outputs\hwaseong_jinan\arcgis\aoi.gdb\a00000001.gdbindexes,110,80ba95b873e151074244f7655f9e29ce8967aab1bd57ff4c06a329b723a3d46c,True,
outputs\hwaseong_jinan\arcgis\aoi.gdb\a00000001.gdbtable,384,9444ae14bcee59b1843c9eddc0f2507e3c1d7d303379e385314bdb5f72234dcb,True,
outputs\hwaseong_jinan\arcgis\aoi.gdb\a00000001.gdbtablx,5152,6507b1f41ea4d102e93f7f1f30f3935d03e80cc044865718d1d5fe6d5fbecdcd,True,
outputs\hwaseong_jinan\arcgis\aoi.gdb\a00000001.TablesByName.atx,4118,084b19126b87a6fc83eff6f79e28a00e947d772e1f33e0b15876a6fd7514de11,True,
outputs\hwaseong_jinan\arcgis\aoi.gdb\a00000002.gdbtable,2055,9efa50dc62a40e109a546054943ae5ad4b3d41aa81ece0dfa026b7b23cb09da8,True,
outputs\hwaseong_jinan\arcgis\aoi.gdb\a00000002.gdbtablx,5152,f3ac9865dec6ab40e73d91dd1f5c2eef0248e66e359d4abb1d97edba92b5df88,True,
outputs\hwaseong_jinan\arcgis\aoi.gdb\a00000003.gdbindexes,42,de0911d18e2f304380c04ae123ea18057d262d788301f7cc3148298231c7c618,True,
outputs\hwaseong_jinan\arcgis\aoi.gdb\a00000003.gdbtable,760,5f7953061c8a29fdc8b13a21a3347511d3d9048d59e383ab80661c0861ce66c1,True,
outputs\hwaseong_jinan\arcgis\aoi.gdb\a00000003.gdbtablx,5152,d63fd5f8a490aa6aeffde1336e80ce35b5399af5752a72b316570a670b09d167,True,
outputs\hwaseong_jinan\arcgis\aoi.gdb\a00000004.CatItemsByPhysicalName.atx,4118,dcfd608315d40b73c5ddcab6a54e2a4c2b08caac38772d0e42c50c5fbf568ae6,True,
outputs\hwaseong_jinan\arcgis\aoi.gdb\a00000004.CatItemsByType.atx,4118,62e8b54f09ae2d7f840f4830ccf90a734d200b2a88106b7d21cf4c6260050e56,True,
outputs\hwaseong_jinan\arcgis\aoi.gdb\a00000004.FDO_UUID.atx,4118,95e67872b4e0933338dd7a5936734647b10d55120446bae98725b758cac99102,True,
outputs\hwaseong_jinan\arcgis\aoi.gdb\a00000004.freelist,8536,81d46b9cdbb975d08afdbfa35d1f121f3f472ae5d668d402e79138255cbf6677,True,
outputs\hwaseong_jinan\arcgis\aoi.gdb\a00000004.gdbindexes,310,f29887c93b126a3feb0e20958cd73cc774f76ab79284b9c7286dc12eb05db858,True,
outputs\hwaseong_jinan\arcgis\aoi.gdb\a00000004.gdbtable,18237,1de5a6ebf19d8a09bb3630f4ec3f6521537a128210b889d160eec988aabe94ee,True,
outputs\hwaseong_jinan\arcgis\aoi.gdb\a00000004.gdbtablx,5152,9356620fb77f8f926d54d8e7c474e615a6a4969de5eb5e89fdc561ce7f7f82a3,True,
outputs\hwaseong_jinan\arcgis\aoi.gdb\a00000004.horizon,32,9fab34115b351a30fb6adb5818d8f08e4dd3a024b7247dbbc61c56929ab6e223,True,
outputs\hwaseong_jinan\arcgis\aoi.gdb\a00000004.spx,4118,027866f78134de031571290fab2599ab7879bd7df84030ee324b233b891058aa,True,
outputs\hwaseong_jinan\arcgis\aoi.gdb\a00000005.CatItemTypesByName.atx,12310,bd4d87826f4ceb333eea541b47bcc6f3ab7482ebd1f9d9e22eaa24440dac9a9d,True,
outputs\hwaseong_jinan\arcgis\aoi.gdb\a00000005.CatItemTypesByParentTypeID.atx,4118,3b0cba13354ba2dabfcdef76d3dc9635b2156f9d6532782389bc8163aaa6d735,True,
outputs\hwaseong_jinan\arcgis\aoi.gdb\a00000005.CatItemTypesByUUID.atx,4118,ed60ce77b7e4bbb21f4ff2502baa785ca9069335d8c622b765ef69d88408e0ee,True,
outputs\hwaseong_jinan\arcgis\aoi.gdb\a00000005.gdbindexes,296,c21e650994b48cc72d174b3caf2ac1bd19e2d7305c8087aaae97e24caecf98a5,True,
outputs\hwaseong_jinan\arcgis\aoi.gdb\a00000005.gdbtable,2071,9de6643cc403905cc0a3be8ebbfb7e73e4c29838330ad9d661c258138b625af0,True,
outputs\hwaseong_jinan\arcgis\aoi.gdb\a00000005.gdbtablx,5152,814c7f1509fab80670cc35035b1beb9c387d4cfe9e9bf6aa72206ab129dfaaa7,True,
outputs\hwaseong_jinan\arcgis\aoi.gdb\a00000006.CatRelsByDestinationID.atx,4118,c5375ad2de87d411e08d03dbb333c14bf27f4f08a9635c8006c27d3722865955,True,
outputs\hwaseong_jinan\arcgis\aoi.gdb\a00000006.CatRelsByOriginID.atx,4118,7c9efcad916fc5e2b4a5ee49339af74ea8be5228a8fc53980098e54a4c2e1bf8,True,
outputs\hwaseong_jinan\arcgis\aoi.gdb\a00000006.CatRelsByType.atx,4118,6d3e70cde98b562357b052142f673a021f177647763f7cf5b73cc415d671fbfb,True,
outputs\hwaseong_jinan\arcgis\aoi.gdb\a00000006.FDO_UUID.atx,4118,e5bf315f223fde8bc86f5d73eec913d7dd4b16e9349bd9fc4be2b979c110a348,True,
outputs\hwaseong_jinan\arcgis\aoi.gdb\a00000006.gdbindexes,318,1919a00326f198a90dc97545ec448c10b2b90d367020222212f7b00433fe09b5,True,
outputs\hwaseong_jinan\arcgis\aoi.gdb\a00000006.gdbtable,263,170f998ae9f33fc2c6911bf47af4db6112ce2b0ec0f04bbf65cb8bdadd62ad28,True,
outputs\hwaseong_jinan\arcgis\aoi.gdb\a00000006.gdbtablx,5152,d9c498cb200741d86e8fd4adbd17f8b5dd4f35abf4dfad3f88239c84ac999d0e,True,
outputs\hwaseong_jinan\arcgis\aoi.gdb\a00000007.CatRelTypesByBackwardLabel.atx,12310,cdad55c536bd5a3fccf13384276d3ad71b336838af83c4c6ebec9d00d0bb343c,True,
outputs\hwaseong_jinan\arcgis\aoi.gdb\a00000007.CatRelTypesByDestItemTypeID.atx,4118,1b6dd887f93d242568fd44bf207ec4927a716d7a547ee92e3f9132cf65ab7f57,True,
outputs\hwaseong_jinan\arcgis\aoi.gdb\a00000007.CatRelTypesByForwardLabel.atx,12310,6d3996ee670b41fab277407b03343bfefb36d1003549933df8fbc1c2e70b6540,True,
outputs\hwaseong_jinan\arcgis\aoi.gdb\a00000007.CatRelTypesByName.atx,12310,1956fbb73bed5c8db3bda819f235f0fda3e68f2a1a4a02bb78900db08cfb2792,True,
outputs\hwaseong_jinan\arcgis\aoi.gdb\a00000007.CatRelTypesByOriginItemTypeID.atx,4118,515bb2b01d6a70366a77912208b27bd9653e6d64b7afce753bf91f232f4d5cad,True,
outputs\hwaseong_jinan\arcgis\aoi.gdb\a00000007.CatRelTypesByUUID.atx,4118,7d09c1df65343217794377d55ba1e9f1e7bdfbf991dcf71f7423b3b5275f9a26,True,
outputs\hwaseong_jinan\arcgis\aoi.gdb\a00000007.gdbindexes,602,dc98e24d04eddd7f38905d176c1ea43c547a3a2daa0c80091a20d3443c726621,True,
outputs\hwaseong_jinan\arcgis\aoi.gdb\a00000007.gdbtable,3626,6df6541c4921721ffad9a68412d1ef813e79b4d7ff9363815b8aaa8ac51a9ba1,True,
outputs\hwaseong_jinan\arcgis\aoi.gdb\a00000007.gdbtablx,5152,dca874a84875d0a7a7489681fe02db46f8df847b490871fea0762c62818e5bdc,True,
outputs\hwaseong_jinan\arcgis\aoi.gdb\a00000009.EditingTemplatesByDatasetGUID.atx,4118,e896573b876ae008ad28ce94c677335b6da02a3ec99f86fe7f1602d4f79dee77,True,
outputs\hwaseong_jinan\arcgis\aoi.gdb\a00000009.EditingTemplatesByName.atx,4118,6052dffe7de6bb2e1701b454b7c318b3874dcd8e49b129039ff583bce5369d08,True,
outputs\hwaseong_jinan\arcgis\aoi.gdb\a00000009.EditingTemplatesByType.atx,4118,f4088d2ff452cf2365f07b589faeda6a57b9a2ede4ce041f0c9a7a877bd7e4bc,True,
outputs\hwaseong_jinan\arcgis\aoi.gdb\a00000009.FDO_GlobalID.atx,4118,e896573b876ae008ad28ce94c677335b6da02a3ec99f86fe7f1602d4f79dee77,True,
outputs\hwaseong_jinan\arcgis\aoi.gdb\a00000009.gdbindexes,378,aa8afd7a18a975f96815b60fcb33a4f29327568ae2f8098d20717352d698c762,True,
outputs\hwaseong_jinan\arcgis\aoi.gdb\a00000009.gdbtable,385,d74b9b7303fae4b4ae9c1058925e83e22867cfeb3c9e544ae2a4db2fc12f7a5d,True,
outputs\hwaseong_jinan\arcgis\aoi.gdb\a00000009.gdbtablx,32,4e0a9f371d483e96ff8d083ada7aa0d5a23c1da5472b6509a44b9514ba1ed2ca,True,
outputs\hwaseong_jinan\arcgis\aoi.gdb\a0000000a.EditingTemplateRelsByDestinationID.atx,4118,e896573b876ae008ad28ce94c677335b6da02a3ec99f86fe7f1602d4f79dee77,True,
outputs\hwaseong_jinan\arcgis\aoi.gdb\a0000000a.EditingTemplateRelsByOriginID.atx,4118,e896573b876ae008ad28ce94c677335b6da02a3ec99f86fe7f1602d4f79dee77,True,
outputs\hwaseong_jinan\arcgis\aoi.gdb\a0000000a.EditingTemplateRelsByType.atx,4118,f4088d2ff452cf2365f07b589faeda6a57b9a2ede4ce041f0c9a7a877bd7e4bc,True,
outputs\hwaseong_jinan\arcgis\aoi.gdb\a0000000a.gdbindexes,344,7bcb1d3151048bb8e54f8e5165cb430a344008829248c679267b690672f8b369,True,
outputs\hwaseong_jinan\arcgis\aoi.gdb\a0000000a.gdbtable,127,062d5c99361883f7ef9d3deeb0e59f2e190d627acc34f54f71594d1e9e6bf4ac,True,
outputs\hwaseong_jinan\arcgis\aoi.gdb\a0000000a.gdbtablx,32,4e0a9f371d483e96ff8d083ada7aa0d5a23c1da5472b6509a44b9514ba1ed2ca,True,
outputs\hwaseong_jinan\arcgis\aoi.gdb\a0000000b.gdbindexes,92,3cc47e824b5fc2267c4c4718e61553c5833df01f551667b5410a046d8abc70d6,True,
outputs\hwaseong_jinan\arcgis\aoi.gdb\a0000000b.gdbtable,14919,8cdaad85516d762908933c33ccc38649c8e90e3a587b356f39f810e61da7f98a,True,
outputs\hwaseong_jinan\arcgis\aoi.gdb\a0000000b.gdbtablx,5156,686fb29ce5ac5396940b90b9d273d5fa9ea0979371b3b41aba5328dd42bc2d1c,True,
outputs\hwaseong_jinan\arcgis\aoi.gdb\a0000000b.horizon,32,9fab34115b351a30fb6adb5818d8f08e4dd3a024b7247dbbc61c56929ab6e223,True,
outputs\hwaseong_jinan\arcgis\aoi.gdb\a0000000b.spx,65566,8fd6eab65a8b62b8ebe2ea0fe378d299e80e5648b0bc307a8cb2170714167393,True,
outputs\hwaseong_jinan\arcgis\aoi.gdb\gdb,4,2594b6a92ebfb1c3312deb7d01c015fb95e9fbe9bd7bc6b527af07813ec7b910,True,
outputs\hwaseong_jinan\arcgis\aoi.gdb\timestamps,400,01e6757531400906a80df34da421688c1d2bd7b1aaec28c630249a7d9db6ae36,True,
outputs\hwaseong_jinan\arcgis\change_polygons.gdb\a00000001.gdbindexes,110,80ba95b873e151074244f7655f9e29ce8967aab1bd57ff4c06a329b723a3d46c,True,
outputs\hwaseong_jinan\arcgis\change_polygons.gdb\a00000001.gdbtable,396,ab007bc2f40a3675f4d1f56b9cb3337cf2c3a42215476aaaa02d9e0fda909b93,True,
outputs\hwaseong_jinan\arcgis\change_polygons.gdb\a00000001.gdbtablx,5152,6507b1f41ea4d102e93f7f1f30f3935d03e80cc044865718d1d5fe6d5fbecdcd,True,
outputs\hwaseong_jinan\arcgis\change_polygons.gdb\a00000001.TablesByName.atx,4118,eaacd65b8a2ed004ca76684155e469ce0e69ade3833e5c2073eb257d5b2a57c7,True,
outputs\hwaseong_jinan\arcgis\change_polygons.gdb\a00000002.gdbtable,2055,9efa50dc62a40e109a546054943ae5ad4b3d41aa81ece0dfa026b7b23cb09da8,True,
outputs\hwaseong_jinan\arcgis\change_polygons.gdb\a00000002.gdbtablx,5152,f3ac9865dec6ab40e73d91dd1f5c2eef0248e66e359d4abb1d97edba92b5df88,True,
outputs\hwaseong_jinan\arcgis\change_polygons.gdb\a00000003.gdbindexes,42,de0911d18e2f304380c04ae123ea18057d262d788301f7cc3148298231c7c618,True,
outputs\hwaseong_jinan\arcgis\change_polygons.gdb\a00000003.gdbtable,760,5f7953061c8a29fdc8b13a21a3347511d3d9048d59e383ab80661c0861ce66c1,True,
outputs\hwaseong_jinan\arcgis\change_polygons.gdb\a00000003.gdbtablx,5152,d63fd5f8a490aa6aeffde1336e80ce35b5399af5752a72b316570a670b09d167,True,
outputs\hwaseong_jinan\arcgis\change_polygons.gdb\a00000004.CatItemsByPhysicalName.atx,4118,c71780247611884287d21df8878584d60f1f0bb520083a3001315834177a3d4f,True,
outputs\hwaseong_jinan\arcgis\change_polygons.gdb\a00000004.CatItemsByType.atx,4118,62e8b54f09ae2d7f840f4830ccf90a734d200b2a88106b7d21cf4c6260050e56,True,
outputs\hwaseong_jinan\arcgis\change_polygons.gdb\a00000004.FDO_UUID.atx,4118,3210b5e5568e10304a38bd4cc088bd1f741b8c7a4d0f79da530a51b0641fddf6,True,
outputs\hwaseong_jinan\arcgis\change_polygons.gdb\a00000004.freelist,12632,10ef4a078135bffe18eec1a38b3df2b2f1fe79c9486467b16374385f96c97a6c,True,
outputs\hwaseong_jinan\arcgis\change_polygons.gdb\a00000004.gdbindexes,310,f29887c93b126a3feb0e20958cd73cc774f76ab79284b9c7286dc12eb05db858,True,
outputs\hwaseong_jinan\arcgis\change_polygons.gdb\a00000004.gdbtable,27275,eec56e3235987af0d79c10b6054c7572fd1b40ce09bf3cd01ef01eb2d91270f7,True,
outputs\hwaseong_jinan\arcgis\change_polygons.gdb\a00000004.gdbtablx,5152,ec7e0630e0d9f9ab535b0110e3c092a8dcde8658dcc5243f5d7e548f01a8c0e3,True,
outputs\hwaseong_jinan\arcgis\change_polygons.gdb\a00000004.horizon,32,9fab34115b351a30fb6adb5818d8f08e4dd3a024b7247dbbc61c56929ab6e223,True,
outputs\hwaseong_jinan\arcgis\change_polygons.gdb\a00000004.spx,4118,027866f78134de031571290fab2599ab7879bd7df84030ee324b233b891058aa,True,
outputs\hwaseong_jinan\arcgis\change_polygons.gdb\a00000005.CatItemTypesByName.atx,12310,bd4d87826f4ceb333eea541b47bcc6f3ab7482ebd1f9d9e22eaa24440dac9a9d,True,
outputs\hwaseong_jinan\arcgis\change_polygons.gdb\a00000005.CatItemTypesByParentTypeID.atx,4118,3b0cba13354ba2dabfcdef76d3dc9635b2156f9d6532782389bc8163aaa6d735,True,
outputs\hwaseong_jinan\arcgis\change_polygons.gdb\a00000005.CatItemTypesByUUID.atx,4118,ed60ce77b7e4bbb21f4ff2502baa785ca9069335d8c622b765ef69d88408e0ee,True,
outputs\hwaseong_jinan\arcgis\change_polygons.gdb\a00000005.gdbindexes,296,c21e650994b48cc72d174b3caf2ac1bd19e2d7305c8087aaae97e24caecf98a5,True,
outputs\hwaseong_jinan\arcgis\change_polygons.gdb\a00000005.gdbtable,2071,9de6643cc403905cc0a3be8ebbfb7e73e4c29838330ad9d661c258138b625af0,True,
outputs\hwaseong_jinan\arcgis\change_polygons.gdb\a00000005.gdbtablx,5152,814c7f1509fab80670cc35035b1beb9c387d4cfe9e9bf6aa72206ab129dfaaa7,True,
outputs\hwaseong_jinan\arcgis\change_polygons.gdb\a00000006.CatRelsByDestinationID.atx,4118,2d3fb30a8dfe062712b19d0e6610988c4f54aeb83a8b39752165866a7a494fbf,True,
outputs\hwaseong_jinan\arcgis\change_polygons.gdb\a00000006.CatRelsByOriginID.atx,4118,7c9efcad916fc5e2b4a5ee49339af74ea8be5228a8fc53980098e54a4c2e1bf8,True,
outputs\hwaseong_jinan\arcgis\change_polygons.gdb\a00000006.CatRelsByType.atx,4118,6d3e70cde98b562357b052142f673a021f177647763f7cf5b73cc415d671fbfb,True,
outputs\hwaseong_jinan\arcgis\change_polygons.gdb\a00000006.FDO_UUID.atx,4118,3a7e159b7e851dce85628ec05e818c2fc6e552d8dd6c8a86e1c58266badc2ac4,True,
outputs\hwaseong_jinan\arcgis\change_polygons.gdb\a00000006.gdbindexes,318,1919a00326f198a90dc97545ec448c10b2b90d367020222212f7b00433fe09b5,True,
outputs\hwaseong_jinan\arcgis\change_polygons.gdb\a00000006.gdbtable,263,b77f9ec6d67ba961cfc425e1a9f84f12f6df52ee75b8624403dd8ec941061792,True,
outputs\hwaseong_jinan\arcgis\change_polygons.gdb\a00000006.gdbtablx,5152,d9c498cb200741d86e8fd4adbd17f8b5dd4f35abf4dfad3f88239c84ac999d0e,True,
outputs\hwaseong_jinan\arcgis\change_polygons.gdb\a00000007.CatRelTypesByBackwardLabel.atx,12310,cdad55c536bd5a3fccf13384276d3ad71b336838af83c4c6ebec9d00d0bb343c,True,
outputs\hwaseong_jinan\arcgis\change_polygons.gdb\a00000007.CatRelTypesByDestItemTypeID.atx,4118,1b6dd887f93d242568fd44bf207ec4927a716d7a547ee92e3f9132cf65ab7f57,True,
outputs\hwaseong_jinan\arcgis\change_polygons.gdb\a00000007.CatRelTypesByForwardLabel.atx,12310,6d3996ee670b41fab277407b03343bfefb36d1003549933df8fbc1c2e70b6540,True,
outputs\hwaseong_jinan\arcgis\change_polygons.gdb\a00000007.CatRelTypesByName.atx,12310,1956fbb73bed5c8db3bda819f235f0fda3e68f2a1a4a02bb78900db08cfb2792,True,
outputs\hwaseong_jinan\arcgis\change_polygons.gdb\a00000007.CatRelTypesByOriginItemTypeID.atx,4118,515bb2b01d6a70366a77912208b27bd9653e6d64b7afce753bf91f232f4d5cad,True,
outputs\hwaseong_jinan\arcgis\change_polygons.gdb\a00000007.CatRelTypesByUUID.atx,4118,7d09c1df65343217794377d55ba1e9f1e7bdfbf991dcf71f7423b3b5275f9a26,True,
outputs\hwaseong_jinan\arcgis\change_polygons.gdb\a00000007.gdbindexes,602,dc98e24d04eddd7f38905d176c1ea43c547a3a2daa0c80091a20d3443c726621,True,
outputs\hwaseong_jinan\arcgis\change_polygons.gdb\a00000007.gdbtable,3626,6df6541c4921721ffad9a68412d1ef813e79b4d7ff9363815b8aaa8ac51a9ba1,True,
outputs\hwaseong_jinan\arcgis\change_polygons.gdb\a00000007.gdbtablx,5152,dca874a84875d0a7a7489681fe02db46f8df847b490871fea0762c62818e5bdc,True,
outputs\hwaseong_jinan\arcgis\change_polygons.gdb\a00000009.EditingTemplatesByDatasetGUID.atx,4118,e896573b876ae008ad28ce94c677335b6da02a3ec99f86fe7f1602d4f79dee77,True,
outputs\hwaseong_jinan\arcgis\change_polygons.gdb\a00000009.EditingTemplatesByName.atx,4118,6052dffe7de6bb2e1701b454b7c318b3874dcd8e49b129039ff583bce5369d08,True,
outputs\hwaseong_jinan\arcgis\change_polygons.gdb\a00000009.EditingTemplatesByType.atx,4118,f4088d2ff452cf2365f07b589faeda6a57b9a2ede4ce041f0c9a7a877bd7e4bc,True,
outputs\hwaseong_jinan\arcgis\change_polygons.gdb\a00000009.FDO_GlobalID.atx,4118,e896573b876ae008ad28ce94c677335b6da02a3ec99f86fe7f1602d4f79dee77,True,
outputs\hwaseong_jinan\arcgis\change_polygons.gdb\a00000009.gdbindexes,378,aa8afd7a18a975f96815b60fcb33a4f29327568ae2f8098d20717352d698c762,True,
outputs\hwaseong_jinan\arcgis\change_polygons.gdb\a00000009.gdbtable,385,d74b9b7303fae4b4ae9c1058925e83e22867cfeb3c9e544ae2a4db2fc12f7a5d,True,
outputs\hwaseong_jinan\arcgis\change_polygons.gdb\a00000009.gdbtablx,32,4e0a9f371d483e96ff8d083ada7aa0d5a23c1da5472b6509a44b9514ba1ed2ca,True,
outputs\hwaseong_jinan\arcgis\change_polygons.gdb\a0000000a.EditingTemplateRelsByDestinationID.atx,4118,e896573b876ae008ad28ce94c677335b6da02a3ec99f86fe7f1602d4f79dee77,True,
outputs\hwaseong_jinan\arcgis\change_polygons.gdb\a0000000a.EditingTemplateRelsByOriginID.atx,4118,e896573b876ae008ad28ce94c677335b6da02a3ec99f86fe7f1602d4f79dee77,True,
outputs\hwaseong_jinan\arcgis\change_polygons.gdb\a0000000a.EditingTemplateRelsByType.atx,4118,f4088d2ff452cf2365f07b589faeda6a57b9a2ede4ce041f0c9a7a877bd7e4bc,True,
outputs\hwaseong_jinan\arcgis\change_polygons.gdb\a0000000a.gdbindexes,344,7bcb1d3151048bb8e54f8e5165cb430a344008829248c679267b690672f8b369,True,
outputs\hwaseong_jinan\arcgis\change_polygons.gdb\a0000000a.gdbtable,127,062d5c99361883f7ef9d3deeb0e59f2e190d627acc34f54f71594d1e9e6bf4ac,True,
outputs\hwaseong_jinan\arcgis\change_polygons.gdb\a0000000a.gdbtablx,32,4e0a9f371d483e96ff8d083ada7aa0d5a23c1da5472b6509a44b9514ba1ed2ca,True,
outputs\hwaseong_jinan\arcgis\change_polygons.gdb\a0000000b.gdbindexes,116,760bd4864717c60d5e7c0c6461a622062680e6f79f51250f49456aa609b43774,True,
outputs\hwaseong_jinan\arcgis\change_polygons.gdb\a0000000b.gdbtable,9010,d09df45283c08bd8d318e6b4cbf7c7672934698602a552758d920202538254d6,True,
outputs\hwaseong_jinan\arcgis\change_polygons.gdb\a0000000b.gdbtablx,5152,10eaf7368d0c93c93ced72716f2728ba1a24b606dcb265e9592ab2db8c91d72f,True,
outputs\hwaseong_jinan\arcgis\change_polygons.gdb\a0000000b.horizon,32,9fab34115b351a30fb6adb5818d8f08e4dd3a024b7247dbbc61c56929ab6e223,True,
outputs\hwaseong_jinan\arcgis\change_polygons.gdb\a0000000b.spx,4118,f0fd077e7b90516ac81f554ff9724b98c0b1cf695e8ad6775e4d55cb5ed3d229,True,
outputs\hwaseong_jinan\arcgis\change_polygons.gdb\gdb,4,2594b6a92ebfb1c3312deb7d01c015fb95e9fbe9bd7bc6b527af07813ec7b910,True,
outputs\hwaseong_jinan\arcgis\change_polygons.gdb\timestamps,400,00373c4d78ef5c2717623d4b890a132b7287c3cdde31a6f1161c4a68c9ef1a9f,True,
outputs\hwaseong_jinan\arcgis\hwaseong_jinan.gdb\a00000001.freelist,16728,350dba1a1afa286b7a58ee70bb5af3671244b661bb294db380561656c4b08323,True,
outputs\hwaseong_jinan\arcgis\hwaseong_jinan.gdb\a00000001.gdbindexes,110,80ba95b873e151074244f7655f9e29ce8967aab1bd57ff4c06a329b723a3d46c,True,
outputs\hwaseong_jinan\arcgis\hwaseong_jinan.gdb\a00000001.gdbtable,1506,88b4f56472638eca472449ef5e7219653ec23126d0a796fbae8b15053780f95f,True,
outputs\hwaseong_jinan\arcgis\hwaseong_jinan.gdb\a00000001.gdbtablx,5152,74015a5233e0130616bd582493fa9459f3763d39eb36b843cde262948de54f6b,True,
outputs\hwaseong_jinan\arcgis\hwaseong_jinan.gdb\a00000001.TablesByName.atx,12310,9e6052df8b4939df6592c622d41778041ff83ad25c69dc4f3514d269a2b29fd6,True,
outputs\hwaseong_jinan\arcgis\hwaseong_jinan.gdb\a00000002.gdbtable,2055,9efa50dc62a40e109a546054943ae5ad4b3d41aa81ece0dfa026b7b23cb09da8,True,
outputs\hwaseong_jinan\arcgis\hwaseong_jinan.gdb\a00000002.gdbtablx,5152,f3ac9865dec6ab40e73d91dd1f5c2eef0248e66e359d4abb1d97edba92b5df88,True,
outputs\hwaseong_jinan\arcgis\hwaseong_jinan.gdb\a00000003.gdbindexes,42,de0911d18e2f304380c04ae123ea18057d262d788301f7cc3148298231c7c618,True,
outputs\hwaseong_jinan\arcgis\hwaseong_jinan.gdb\a00000003.gdbtable,1782,ac9188cbcb559e614643993a5c61e206dbfaaed83fd48d684cfce6bb7a5e96f2,True,
outputs\hwaseong_jinan\arcgis\hwaseong_jinan.gdb\a00000003.gdbtablx,5152,24446f45a0fb3d9d49a2219def95c106ed3de18522caa26ca0ca93e473b6cee8,True,
outputs\hwaseong_jinan\arcgis\hwaseong_jinan.gdb\a00000004.CatItemsByPhysicalName.atx,4118,4c7ce9fac292767de8042dd34bb79d3daec683356e193effbb642bc24b1ba89d,True,
outputs\hwaseong_jinan\arcgis\hwaseong_jinan.gdb\a00000004.CatItemsByType.atx,4118,e871056812c12f188faf9f669d6a70021ea1ea86b1cb6fc7ef9e77887d9bb02f,True,
outputs\hwaseong_jinan\arcgis\hwaseong_jinan.gdb\a00000004.FDO_UUID.atx,4118,951ca638cc94b1a9fdd8436a6c923ff97a2edef74b5c35d71346fb4f89796d03,True,
outputs\hwaseong_jinan\arcgis\hwaseong_jinan.gdb\a00000004.freelist,74072,7e4aa4ff05b00b53725003d372c3c008844c96720c1026a87d15ca86122166c6,True,
outputs\hwaseong_jinan\arcgis\hwaseong_jinan.gdb\a00000004.gdbindexes,310,f29887c93b126a3feb0e20958cd73cc774f76ab79284b9c7286dc12eb05db858,True,
outputs\hwaseong_jinan\arcgis\hwaseong_jinan.gdb\a00000004.gdbtable,1166289,466d0bcc3cc9b90ad4e1989dc55bf47d7db8dc888c84b2539e501f0dc602aee8,True,
outputs\hwaseong_jinan\arcgis\hwaseong_jinan.gdb\a00000004.gdbtablx,5152,25a1e728039432140f20639468d77b0839b2c4e6fa3bbcc2c27b54b2a2ef071f,True,
outputs\hwaseong_jinan\arcgis\hwaseong_jinan.gdb\a00000004.horizon,32,9fab34115b351a30fb6adb5818d8f08e4dd3a024b7247dbbc61c56929ab6e223,True,
outputs\hwaseong_jinan\arcgis\hwaseong_jinan.gdb\a00000004.spx,4118,027866f78134de031571290fab2599ab7879bd7df84030ee324b233b891058aa,True,
outputs\hwaseong_jinan\arcgis\hwaseong_jinan.gdb\a00000005.CatItemTypesByName.atx,12310,bd4d87826f4ceb333eea541b47bcc6f3ab7482ebd1f9d9e22eaa24440dac9a9d,True,
outputs\hwaseong_jinan\arcgis\hwaseong_jinan.gdb\a00000005.CatItemTypesByParentTypeID.atx,4118,3b0cba13354ba2dabfcdef76d3dc9635b2156f9d6532782389bc8163aaa6d735,True,
outputs\hwaseong_jinan\arcgis\hwaseong_jinan.gdb\a00000005.CatItemTypesByUUID.atx,4118,ed60ce77b7e4bbb21f4ff2502baa785ca9069335d8c622b765ef69d88408e0ee,True,
outputs\hwaseong_jinan\arcgis\hwaseong_jinan.gdb\a00000005.gdbindexes,296,c21e650994b48cc72d174b3caf2ac1bd19e2d7305c8087aaae97e24caecf98a5,True,
outputs\hwaseong_jinan\arcgis\hwaseong_jinan.gdb\a00000005.gdbtable,2071,9de6643cc403905cc0a3be8ebbfb7e73e4c29838330ad9d661c258138b625af0,True,
outputs\hwaseong_jinan\arcgis\hwaseong_jinan.gdb\a00000005.gdbtablx,5152,814c7f1509fab80670cc35035b1beb9c387d4cfe9e9bf6aa72206ab129dfaaa7,True,
outputs\hwaseong_jinan\arcgis\hwaseong_jinan.gdb\a00000006.CatRelsByDestinationID.atx,4118,184bb903e800b787ec89644d337706a7b66cca539f0e039616733eecb20415e3,True,
outputs\hwaseong_jinan\arcgis\hwaseong_jinan.gdb\a00000006.CatRelsByOriginID.atx,4118,4e4f69faacb7dc68e2e7bf1b2327765d10dac0fa831a224e1e691fa484f94606,True,
outputs\hwaseong_jinan\arcgis\hwaseong_jinan.gdb\a00000006.CatRelsByType.atx,4118,f1d6b6e5181601b4b4f483a6184ac87590f163fd8a96e3452d854716b9983e99,True,
outputs\hwaseong_jinan\arcgis\hwaseong_jinan.gdb\a00000006.FDO_UUID.atx,4118,9905813794eefd396a3849eb01b0cef3c69f7041ac01fe71e512534fc4fcfcc7,True,
outputs\hwaseong_jinan\arcgis\hwaseong_jinan.gdb\a00000006.freelist,4440,35bc6c09716cd191d691e3e5a282f24ff44bb2d5c52916201a09f58fa17f01ac,True,
outputs\hwaseong_jinan\arcgis\hwaseong_jinan.gdb\a00000006.gdbindexes,318,1919a00326f198a90dc97545ec448c10b2b90d367020222212f7b00433fe09b5,True,
outputs\hwaseong_jinan\arcgis\hwaseong_jinan.gdb\a00000006.gdbtable,1358,4aa1d06f4ddedc690c3b9a4f9b2b58b3626090b24bf3a92e60ab7ece7ff60f4b,True,
outputs\hwaseong_jinan\arcgis\hwaseong_jinan.gdb\a00000006.gdbtablx,5152,f18ed3f95b1d70d4a59e2253122a854ec5548725b0a65f3312f51251ebca0aed,True,
outputs\hwaseong_jinan\arcgis\hwaseong_jinan.gdb\a00000007.CatRelTypesByBackwardLabel.atx,12310,cdad55c536bd5a3fccf13384276d3ad71b336838af83c4c6ebec9d00d0bb343c,True,
outputs\hwaseong_jinan\arcgis\hwaseong_jinan.gdb\a00000007.CatRelTypesByDestItemTypeID.atx,4118,1b6dd887f93d242568fd44bf207ec4927a716d7a547ee92e3f9132cf65ab7f57,True,
outputs\hwaseong_jinan\arcgis\hwaseong_jinan.gdb\a00000007.CatRelTypesByForwardLabel.atx,12310,6d3996ee670b41fab277407b03343bfefb36d1003549933df8fbc1c2e70b6540,True,
outputs\hwaseong_jinan\arcgis\hwaseong_jinan.gdb\a00000007.CatRelTypesByName.atx,12310,1956fbb73bed5c8db3bda819f235f0fda3e68f2a1a4a02bb78900db08cfb2792,True,
outputs\hwaseong_jinan\arcgis\hwaseong_jinan.gdb\a00000007.CatRelTypesByOriginItemTypeID.atx,4118,515bb2b01d6a70366a77912208b27bd9653e6d64b7afce753bf91f232f4d5cad,True,
outputs\hwaseong_jinan\arcgis\hwaseong_jinan.gdb\a00000007.CatRelTypesByUUID.atx,4118,7d09c1df65343217794377d55ba1e9f1e7bdfbf991dcf71f7423b3b5275f9a26,True,
outputs\hwaseong_jinan\arcgis\hwaseong_jinan.gdb\a00000007.gdbindexes,602,dc98e24d04eddd7f38905d176c1ea43c547a3a2daa0c80091a20d3443c726621,True,
outputs\hwaseong_jinan\arcgis\hwaseong_jinan.gdb\a00000007.gdbtable,3626,6df6541c4921721ffad9a68412d1ef813e79b4d7ff9363815b8aaa8ac51a9ba1,True,
outputs\hwaseong_jinan\arcgis\hwaseong_jinan.gdb\a00000007.gdbtablx,5152,dca874a84875d0a7a7489681fe02db46f8df847b490871fea0762c62818e5bdc,True,
outputs\hwaseong_jinan\arcgis\hwaseong_jinan.gdb\a00000009.EditingTemplatesByDatasetGUID.atx,4118,e896573b876ae008ad28ce94c677335b6da02a3ec99f86fe7f1602d4f79dee77,True,
outputs\hwaseong_jinan\arcgis\hwaseong_jinan.gdb\a00000009.EditingTemplatesByName.atx,4118,6052dffe7de6bb2e1701b454b7c318b3874dcd8e49b129039ff583bce5369d08,True,
outputs\hwaseong_jinan\arcgis\hwaseong_jinan.gdb\a00000009.EditingTemplatesByType.atx,4118,f4088d2ff452cf2365f07b589faeda6a57b9a2ede4ce041f0c9a7a877bd7e4bc,True,
outputs\hwaseong_jinan\arcgis\hwaseong_jinan.gdb\a00000009.FDO_GlobalID.atx,4118,e896573b876ae008ad28ce94c677335b6da02a3ec99f86fe7f1602d4f79dee77,True,
outputs\hwaseong_jinan\arcgis\hwaseong_jinan.gdb\a00000009.gdbindexes,378,aa8afd7a18a975f96815b60fcb33a4f29327568ae2f8098d20717352d698c762,True,
outputs\hwaseong_jinan\arcgis\hwaseong_jinan.gdb\a00000009.gdbtable,385,d74b9b7303fae4b4ae9c1058925e83e22867cfeb3c9e544ae2a4db2fc12f7a5d,True,
outputs\hwaseong_jinan\arcgis\hwaseong_jinan.gdb\a00000009.gdbtablx,32,4e0a9f371d483e96ff8d083ada7aa0d5a23c1da5472b6509a44b9514ba1ed2ca,True,
outputs\hwaseong_jinan\arcgis\hwaseong_jinan.gdb\a0000000a.EditingTemplateRelsByDestinationID.atx,4118,e896573b876ae008ad28ce94c677335b6da02a3ec99f86fe7f1602d4f79dee77,True,
outputs\hwaseong_jinan\arcgis\hwaseong_jinan.gdb\a0000000a.EditingTemplateRelsByOriginID.atx,4118,e896573b876ae008ad28ce94c677335b6da02a3ec99f86fe7f1602d4f79dee77,True,
outputs\hwaseong_jinan\arcgis\hwaseong_jinan.gdb\a0000000a.EditingTemplateRelsByType.atx,4118,f4088d2ff452cf2365f07b589faeda6a57b9a2ede4ce041f0c9a7a877bd7e4bc,True,
outputs\hwaseong_jinan\arcgis\hwaseong_jinan.gdb\a0000000a.gdbindexes,344,7bcb1d3151048bb8e54f8e5165cb430a344008829248c679267b690672f8b369,True,
outputs\hwaseong_jinan\arcgis\hwaseong_jinan.gdb\a0000000a.gdbtable,127,062d5c99361883f7ef9d3deeb0e59f2e190d627acc34f54f71594d1e9e6bf4ac,True,
outputs\hwaseong_jinan\arcgis\hwaseong_jinan.gdb\a0000000a.gdbtablx,32,4e0a9f371d483e96ff8d083ada7aa0d5a23c1da5472b6509a44b9514ba1ed2ca,True,
outputs\hwaseong_jinan\arcgis\hwaseong_jinan.gdb\a00000136.freelist,45400,cc4bc2ce2135c8b99d3ad8a619e736514c9c3cf5da29dbadcae6ecc74d8e856e,True,
outputs\hwaseong_jinan\arcgis\hwaseong_jinan.gdb\a00000136.gdbindexes,116,760bd4864717c60d5e7c0c6461a622062680e6f79f51250f49456aa609b43774,True,
outputs\hwaseong_jinan\arcgis\hwaseong_jinan.gdb\a00000136.gdbtable,1041661,5327a40f46509983e9bb4660d8873d6fd6ec0b804c8c17935e47a7be640d4a94,True,
outputs\hwaseong_jinan\arcgis\hwaseong_jinan.gdb\a00000136.gdbtablx,35872,f17ff45444765c501a893665bd0745dbe80770fa43676544473cdc7410dd08f4,True,
outputs\hwaseong_jinan\arcgis\hwaseong_jinan.gdb\a00000136.horizon,32,9fab34115b351a30fb6adb5818d8f08e4dd3a024b7247dbbc61c56929ab6e223,True,
outputs\hwaseong_jinan\arcgis\hwaseong_jinan.gdb\a00000136.spx,163862,0aa443386839a6dd7c3dc23668041d366fd481607c3897d0b6e6740d488944da,True,
outputs\hwaseong_jinan\arcgis\hwaseong_jinan.gdb\a00000190.freelist,33112,60889c9a876b31b35b36ba66babc04620fb9afefb6c6e8a8cc5542a5cae445bc,True,
outputs\hwaseong_jinan\arcgis\hwaseong_jinan.gdb\a00000190.gdbindexes,116,760bd4864717c60d5e7c0c6461a622062680e6f79f51250f49456aa609b43774,True,
outputs\hwaseong_jinan\arcgis\hwaseong_jinan.gdb\a00000190.gdbtable,18483,4dee066977ddeee2ee7ff89bac799d40367d9a1afffe98da71ebf25ec56b374a,True,
outputs\hwaseong_jinan\arcgis\hwaseong_jinan.gdb\a00000190.gdbtablx,5152,e2b63ae95924c88b91b48c3bb03a5e2345d6bfcc580f1611021e0fab9e798572,True,
outputs\hwaseong_jinan\arcgis\hwaseong_jinan.gdb\a00000190.horizon,32,c7f6b2ba4c451b386b3037dc8b3507feff58bc366d024d7f89f00f3d38bfbc1d,True,
outputs\hwaseong_jinan\arcgis\hwaseong_jinan.gdb\a00000190.spx,4118,6bf3c0df53f87bbeff446f2482878da657e92a921f4ece51e0d5068b3bb0f690,True,
outputs\hwaseong_jinan\arcgis\hwaseong_jinan.gdb\a00000194.freelist,65880,8ca1613f53e19340f57f645d570b250364c324c99c03f818f2408a4e2f80a224,True,
outputs\hwaseong_jinan\arcgis\hwaseong_jinan.gdb\a00000194.gdbindexes,112,d376cbd2a42b81f5deb0fc7c9b9d1383a8a2ca5ef043d4798ff62561d6442577,True,
outputs\hwaseong_jinan\arcgis\hwaseong_jinan.gdb\a00000194.gdbtable,2462898,8880e1b45d469d123807d366b362c315af979b6ae0c9c8bc96ad19a772ba0c3c,True,
outputs\hwaseong_jinan\arcgis\hwaseong_jinan.gdb\a00000194.gdbtablx,15396,0d87bcffb94420c84ab17e15fa0622b9eb13fd2949c9a66141c8101194ef6a10,True,
outputs\hwaseong_jinan\arcgis\hwaseong_jinan.gdb\a00000194.horizon,32,c7f6b2ba4c451b386b3037dc8b3507feff58bc366d024d7f89f00f3d38bfbc1d,True,
outputs\hwaseong_jinan\arcgis\hwaseong_jinan.gdb\a00000194.spx,196638,421fdb98794555005eacc7c0c589307de156479babeb9e852bb0a34f241cf283,True,
outputs\hwaseong_jinan\arcgis\hwaseong_jinan.gdb\a00000195.freelist,8536,6efd2c1c1c8008042e3479a82da4d743b4e801ab9dbf3dbe1928064bb3467741,True,
outputs\hwaseong_jinan\arcgis\hwaseong_jinan.gdb\a00000195.gdbindexes,116,760bd4864717c60d5e7c0c6461a622062680e6f79f51250f49456aa609b43774,True,
outputs\hwaseong_jinan\arcgis\hwaseong_jinan.gdb\a00000195.gdbtable,6623,de043e0b0a562326c03e606458cb9eec2e088d36ae58fbc54e9e4121d4072bc0,True,
outputs\hwaseong_jinan\arcgis\hwaseong_jinan.gdb\a00000195.gdbtablx,5152,6035ac853e90c30b6aa505b3ab8abe21a383598db7638192cc51b0aec865a8b1,True,
outputs\hwaseong_jinan\arcgis\hwaseong_jinan.gdb\a00000195.horizon,32,c7f6b2ba4c451b386b3037dc8b3507feff58bc366d024d7f89f00f3d38bfbc1d,True,
outputs\hwaseong_jinan\arcgis\hwaseong_jinan.gdb\a00000195.spx,4118,ea233d9e4b865ac0b8f3ddff92831273ffd2c86f7845814b6b2529b330d3c875,True,
outputs\hwaseong_jinan\arcgis\hwaseong_jinan.gdb\a00000196.freelist,41304,c8a4869d05126687f9d4695fccf6e283bb550a4e5f594d929680853ff6b3d0bb,True,
outputs\hwaseong_jinan\arcgis\hwaseong_jinan.gdb\a00000196.gdbindexes,116,760bd4864717c60d5e7c0c6461a622062680e6f79f51250f49456aa609b43774,True,
outputs\hwaseong_jinan\arcgis\hwaseong_jinan.gdb\a00000196.gdbtable,754243,dbdcf5ba3f579a9f4c9f1965171a22d46813b10eaaff2216f912912b180bcf95,True,
outputs\hwaseong_jinan\arcgis\hwaseong_jinan.gdb\a00000196.gdbtablx,5156,68319dd74f4181072b201588fca85cba7d444041cb8030285aa9bad6c4624190,True,
outputs\hwaseong_jinan\arcgis\hwaseong_jinan.gdb\a00000196.horizon,32,c7f6b2ba4c451b386b3037dc8b3507feff58bc366d024d7f89f00f3d38bfbc1d,True,
outputs\hwaseong_jinan\arcgis\hwaseong_jinan.gdb\a00000196.spx,65566,5b609fbd22d90303b879110c407ff0c11e55b060ac8b62eabaf5099e9fec0f55,True,
outputs\hwaseong_jinan\arcgis\hwaseong_jinan.gdb\a00000197.freelist,24920,cf4337dd8f9a6c1af9121dbe9fc79367e4c2584663f6ff4b2a6c94b8c70741bc,True,
outputs\hwaseong_jinan\arcgis\hwaseong_jinan.gdb\a00000197.gdbindexes,116,760bd4864717c60d5e7c0c6461a622062680e6f79f51250f49456aa609b43774,True,
outputs\hwaseong_jinan\arcgis\hwaseong_jinan.gdb\a00000197.gdbtable,72107,14e618371c75e9088dfe5ae34cb83db07578bc343d6e81e0aee2daf24c58f1d0,True,
outputs\hwaseong_jinan\arcgis\hwaseong_jinan.gdb\a00000197.gdbtablx,5156,0e8a94411a80b583ed369454c36586d4a3ad241e7828551f82d15f2e5998fca5,True,
outputs\hwaseong_jinan\arcgis\hwaseong_jinan.gdb\a00000197.horizon,32,c7f6b2ba4c451b386b3037dc8b3507feff58bc366d024d7f89f00f3d38bfbc1d,True,
outputs\hwaseong_jinan\arcgis\hwaseong_jinan.gdb\a00000197.spx,65566,5b609fbd22d90303b879110c407ff0c11e55b060ac8b62eabaf5099e9fec0f55,True,
outputs\hwaseong_jinan\arcgis\hwaseong_jinan.gdb\a0000019a.freelist,8536,d6b71ceedf9be31d46efbb8c33c263c00e12555a58bf87543dd9e02b0b4b0465,True,
outputs\hwaseong_jinan\arcgis\hwaseong_jinan.gdb\a0000019a.gdbindexes,116,760bd4864717c60d5e7c0c6461a622062680e6f79f51250f49456aa609b43774,True,
outputs\hwaseong_jinan\arcgis\hwaseong_jinan.gdb\a0000019a.gdbtable,26812,9aac543327ebf57cabcaafbf3828950bd85f4ee2c39db242f55c1b43aca2626e,True,
outputs\hwaseong_jinan\arcgis\hwaseong_jinan.gdb\a0000019a.gdbtablx,5152,de9b0bccd4256b74ac8cd59a392dc68a40f43ecde838459b37c5528d7affc4e4,True,
outputs\hwaseong_jinan\arcgis\hwaseong_jinan.gdb\a0000019a.horizon,32,c7f6b2ba4c451b386b3037dc8b3507feff58bc366d024d7f89f00f3d38bfbc1d,True,
outputs\hwaseong_jinan\arcgis\hwaseong_jinan.gdb\a0000019a.spx,16406,2d67acaf412eaa99adba5e39ef0ea2860aff1580c4caf21f8fd4aedd49fa55bc,True,
outputs\hwaseong_jinan\arcgis\hwaseong_jinan.gdb\a0000019b.freelist,8536,44b819481393ad44b576424a2787bf2f4acc28c027271cff01bedb9a9960e4c3,True,
outputs\hwaseong_jinan\arcgis\hwaseong_jinan.gdb\a0000019b.gdbindexes,116,760bd4864717c60d5e7c0c6461a622062680e6f79f51250f49456aa609b43774,True,
outputs\hwaseong_jinan\arcgis\hwaseong_jinan.gdb\a0000019b.gdbtable,42642,46f16bc7ea83a66ab87d98696f4f0cd95d381a1d7d386ee590d07fb74835fd2d,True,
outputs\hwaseong_jinan\arcgis\hwaseong_jinan.gdb\a0000019b.gdbtablx,5152,15c27a54362094d6c503617f2c32730b0d1c11d443d1562e2d915cd4c95193d6,True,
outputs\hwaseong_jinan\arcgis\hwaseong_jinan.gdb\a0000019b.horizon,32,c7f6b2ba4c451b386b3037dc8b3507feff58bc366d024d7f89f00f3d38bfbc1d,True,
outputs\hwaseong_jinan\arcgis\hwaseong_jinan.gdb\a0000019b.spx,12310,cbd8c6e816a43332f3f4c29a6092b72d784b6bba4f9845962cfb46a626434bce,True,
outputs\hwaseong_jinan\arcgis\hwaseong_jinan.gdb\a0000019c.freelist,4440,f143e30361d5a26eaa01ec8856645b01caf962ca9cd17252e49dc8920adf083c,True,
outputs\hwaseong_jinan\arcgis\hwaseong_jinan.gdb\a0000019c.gdbindexes,116,760bd4864717c60d5e7c0c6461a622062680e6f79f51250f49456aa609b43774,True,
outputs\hwaseong_jinan\arcgis\hwaseong_jinan.gdb\a0000019c.gdbtable,35000,672833df123581275cb578edab5862c52ea9d004a9ba95724f9d6c68127cb523,True,
outputs\hwaseong_jinan\arcgis\hwaseong_jinan.gdb\a0000019c.gdbtablx,5156,bf6b926d363630ce0923531cdc8eef733b74fff1bb18b38172a25f31e1bafb9e,True,
outputs\hwaseong_jinan\arcgis\hwaseong_jinan.gdb\a0000019c.horizon,32,c7f6b2ba4c451b386b3037dc8b3507feff58bc366d024d7f89f00f3d38bfbc1d,True,
outputs\hwaseong_jinan\arcgis\hwaseong_jinan.gdb\a0000019c.spx,65566,938d447908beb1fc6d18ae813006679b73ba8f909f5de0dbd0e94ccf530de3b4,True,
outputs\hwaseong_jinan\arcgis\hwaseong_jinan.gdb\a0000019d.gdbindexes,112,d376cbd2a42b81f5deb0fc7c9b9d1383a8a2ca5ef043d4798ff62561d6442577,True,
outputs\hwaseong_jinan\arcgis\hwaseong_jinan.gdb\a0000019d.gdbtable,1099988,3ab254365f71f08d00cdc3aa39f704f073688626ad48962ef5c8d69c62365a57,True,
outputs\hwaseong_jinan\arcgis\hwaseong_jinan.gdb\a0000019d.gdbtablx,15396,552cb60ec206d8980c3794257548c1d349f6502f3f0c5f7998b12c6c58991858,True,
outputs\hwaseong_jinan\arcgis\hwaseong_jinan.gdb\a0000019d.horizon,32,c7f6b2ba4c451b386b3037dc8b3507feff58bc366d024d7f89f00f3d38bfbc1d,True,
outputs\hwaseong_jinan\arcgis\hwaseong_jinan.gdb\a0000019d.spx,196638,421fdb98794555005eacc7c0c589307de156479babeb9e852bb0a34f241cf283,True,
outputs\hwaseong_jinan\arcgis\hwaseong_jinan.gdb\a0000019e.freelist,33112,e9ac037a4c474d8d15fe4999a9c29e8893e3246be6c710f7b7f232f2849d0f8b,True,
outputs\hwaseong_jinan\arcgis\hwaseong_jinan.gdb\a0000019e.gdbindexes,116,760bd4864717c60d5e7c0c6461a622062680e6f79f51250f49456aa609b43774,True,
outputs\hwaseong_jinan\arcgis\hwaseong_jinan.gdb\a0000019e.gdbtable,153416,f50f5c03f119655cfac235b64219e4dcc11f8dab91b69954360c1c56b5c0f473,True,
outputs\hwaseong_jinan\arcgis\hwaseong_jinan.gdb\a0000019e.gdbtablx,5152,a92aad773e7b6ce956572c0b87e80f7b4913b647af088d5875935599b354512a,True,
outputs\hwaseong_jinan\arcgis\hwaseong_jinan.gdb\a0000019e.horizon,32,9fab34115b351a30fb6adb5818d8f08e4dd3a024b7247dbbc61c56929ab6e223,True,
outputs\hwaseong_jinan\arcgis\hwaseong_jinan.gdb\a0000019e.spx,12310,401cec5bef075eabd79e055521d22e8e1cbf5ad209f145f5750e72b12aa75b9e,True,
outputs\hwaseong_jinan\arcgis\hwaseong_jinan.gdb\a0000019f.gdbindexes,116,760bd4864717c60d5e7c0c6461a622062680e6f79f51250f49456aa609b43774,True,
outputs\hwaseong_jinan\arcgis\hwaseong_jinan.gdb\a0000019f.gdbtable,17283,7b2c688ba2e3dd6bfa2019254f3c216238f956009402093aca63401f2d18b616,True,
outputs\hwaseong_jinan\arcgis\hwaseong_jinan.gdb\a0000019f.gdbtablx,5152,60a11e45e43852b942bda47c7874a34a81e27802e18bba584793e35f83fea27d,True,
outputs\hwaseong_jinan\arcgis\hwaseong_jinan.gdb\a0000019f.horizon,32,c7f6b2ba4c451b386b3037dc8b3507feff58bc366d024d7f89f00f3d38bfbc1d,True,
outputs\hwaseong_jinan\arcgis\hwaseong_jinan.gdb\a0000019f.spx,4118,d5ba8e5e4d48f1a67a3e027c3ae8e536a8dfcc42a34efad0ae493ed4abd25a05,True,
outputs\hwaseong_jinan\arcgis\hwaseong_jinan.gdb\gdb,4,2594b6a92ebfb1c3312deb7d01c015fb95e9fbe9bd7bc6b527af07813ec7b910,True,
outputs\hwaseong_jinan\arcgis\hwaseong_jinan.gdb\timestamps,400,371b202e204b06137f4363821d7bc5a0cf153d3312a065c1a9c72c47bca8419f,True,
outputs\hwaseong_jinan\arcgis\parcels.gdb\a00000001.gdbindexes,110,80ba95b873e151074244f7655f9e29ce8967aab1bd57ff4c06a329b723a3d46c,True,
outputs\hwaseong_jinan\arcgis\parcels.gdb\a00000001.gdbtable,402,0164e9c7dae541fae63c4fba324662f6163518503bc1f323ed36f7fd6bb39889,True,
outputs\hwaseong_jinan\arcgis\parcels.gdb\a00000001.gdbtablx,5152,6507b1f41ea4d102e93f7f1f30f3935d03e80cc044865718d1d5fe6d5fbecdcd,True,
outputs\hwaseong_jinan\arcgis\parcels.gdb\a00000001.TablesByName.atx,4118,fa332ce07bd214aa51b8fd86d5be8d7fc92498982962baef8fb0f14fc7682631,True,
outputs\hwaseong_jinan\arcgis\parcels.gdb\a00000002.gdbtable,2055,9efa50dc62a40e109a546054943ae5ad4b3d41aa81ece0dfa026b7b23cb09da8,True,
outputs\hwaseong_jinan\arcgis\parcels.gdb\a00000002.gdbtablx,5152,f3ac9865dec6ab40e73d91dd1f5c2eef0248e66e359d4abb1d97edba92b5df88,True,
outputs\hwaseong_jinan\arcgis\parcels.gdb\a00000003.gdbindexes,42,de0911d18e2f304380c04ae123ea18057d262d788301f7cc3148298231c7c618,True,
outputs\hwaseong_jinan\arcgis\parcels.gdb\a00000003.gdbtable,760,5f7953061c8a29fdc8b13a21a3347511d3d9048d59e383ab80661c0861ce66c1,True,
outputs\hwaseong_jinan\arcgis\parcels.gdb\a00000003.gdbtablx,5152,d63fd5f8a490aa6aeffde1336e80ce35b5399af5752a72b316570a670b09d167,True,
outputs\hwaseong_jinan\arcgis\parcels.gdb\a00000004.CatItemsByPhysicalName.atx,4118,00b1aed17e673dbb0cf7fb9954a7547f0e020edc17bc302e690924a62831bcb4,True,
outputs\hwaseong_jinan\arcgis\parcels.gdb\a00000004.CatItemsByType.atx,4118,62e8b54f09ae2d7f840f4830ccf90a734d200b2a88106b7d21cf4c6260050e56,True,
outputs\hwaseong_jinan\arcgis\parcels.gdb\a00000004.FDO_UUID.atx,4118,5cc57ccba5b99ec69a0dad7426f5fc81a616593bc94d43719476dd54d7c0634a,True,
outputs\hwaseong_jinan\arcgis\parcels.gdb\a00000004.freelist,12632,adb23a49cfd2993ab90a691955ecc65acf56d00803fbec802c0b4dbb014b6a3c,True,
outputs\hwaseong_jinan\arcgis\parcels.gdb\a00000004.gdbindexes,310,f29887c93b126a3feb0e20958cd73cc774f76ab79284b9c7286dc12eb05db858,True,
outputs\hwaseong_jinan\arcgis\parcels.gdb\a00000004.gdbtable,46179,2a742218c202c242ad965864a71926129a63a1fa8223f8c48dca99f65e8a2b89,True,
outputs\hwaseong_jinan\arcgis\parcels.gdb\a00000004.gdbtablx,5152,b488d48a8f9e7591ae96ce822bfbbf3899bc2441ea8df2cae55d66654709afcc,True,
outputs\hwaseong_jinan\arcgis\parcels.gdb\a00000004.horizon,32,9fab34115b351a30fb6adb5818d8f08e4dd3a024b7247dbbc61c56929ab6e223,True,
outputs\hwaseong_jinan\arcgis\parcels.gdb\a00000004.spx,4118,027866f78134de031571290fab2599ab7879bd7df84030ee324b233b891058aa,True,
outputs\hwaseong_jinan\arcgis\parcels.gdb\a00000005.CatItemTypesByName.atx,12310,bd4d87826f4ceb333eea541b47bcc6f3ab7482ebd1f9d9e22eaa24440dac9a9d,True,
outputs\hwaseong_jinan\arcgis\parcels.gdb\a00000005.CatItemTypesByParentTypeID.atx,4118,3b0cba13354ba2dabfcdef76d3dc9635b2156f9d6532782389bc8163aaa6d735,True,
outputs\hwaseong_jinan\arcgis\parcels.gdb\a00000005.CatItemTypesByUUID.atx,4118,ed60ce77b7e4bbb21f4ff2502baa785ca9069335d8c622b765ef69d88408e0ee,True,
outputs\hwaseong_jinan\arcgis\parcels.gdb\a00000005.gdbindexes,296,c21e650994b48cc72d174b3caf2ac1bd19e2d7305c8087aaae97e24caecf98a5,True,
outputs\hwaseong_jinan\arcgis\parcels.gdb\a00000005.gdbtable,2071,9de6643cc403905cc0a3be8ebbfb7e73e4c29838330ad9d661c258138b625af0,True,
outputs\hwaseong_jinan\arcgis\parcels.gdb\a00000005.gdbtablx,5152,814c7f1509fab80670cc35035b1beb9c387d4cfe9e9bf6aa72206ab129dfaaa7,True,
outputs\hwaseong_jinan\arcgis\parcels.gdb\a00000006.CatRelsByDestinationID.atx,4118,f7b989605090bd24eb7e0e02aa130f7d359ce832f051c07d17e9f2f76b439d94,True,
outputs\hwaseong_jinan\arcgis\parcels.gdb\a00000006.CatRelsByOriginID.atx,4118,7c9efcad916fc5e2b4a5ee49339af74ea8be5228a8fc53980098e54a4c2e1bf8,True,
outputs\hwaseong_jinan\arcgis\parcels.gdb\a00000006.CatRelsByType.atx,4118,6d3e70cde98b562357b052142f673a021f177647763f7cf5b73cc415d671fbfb,True,
outputs\hwaseong_jinan\arcgis\parcels.gdb\a00000006.FDO_UUID.atx,4118,ee2a06999cc8dc5d8a31463fe88dde27324b170477264b3faa1fc77987ee74f5,True,
outputs\hwaseong_jinan\arcgis\parcels.gdb\a00000006.gdbindexes,318,1919a00326f198a90dc97545ec448c10b2b90d367020222212f7b00433fe09b5,True,
outputs\hwaseong_jinan\arcgis\parcels.gdb\a00000006.gdbtable,263,70a9155525f458d94e5078f9445fd697ea3c0a338d1761f8c821e4cf388e8d77,True,
outputs\hwaseong_jinan\arcgis\parcels.gdb\a00000006.gdbtablx,5152,d9c498cb200741d86e8fd4adbd17f8b5dd4f35abf4dfad3f88239c84ac999d0e,True,
outputs\hwaseong_jinan\arcgis\parcels.gdb\a00000007.CatRelTypesByBackwardLabel.atx,12310,cdad55c536bd5a3fccf13384276d3ad71b336838af83c4c6ebec9d00d0bb343c,True,
outputs\hwaseong_jinan\arcgis\parcels.gdb\a00000007.CatRelTypesByDestItemTypeID.atx,4118,1b6dd887f93d242568fd44bf207ec4927a716d7a547ee92e3f9132cf65ab7f57,True,
outputs\hwaseong_jinan\arcgis\parcels.gdb\a00000007.CatRelTypesByForwardLabel.atx,12310,6d3996ee670b41fab277407b03343bfefb36d1003549933df8fbc1c2e70b6540,True,
outputs\hwaseong_jinan\arcgis\parcels.gdb\a00000007.CatRelTypesByName.atx,12310,1956fbb73bed5c8db3bda819f235f0fda3e68f2a1a4a02bb78900db08cfb2792,True,
outputs\hwaseong_jinan\arcgis\parcels.gdb\a00000007.CatRelTypesByOriginItemTypeID.atx,4118,515bb2b01d6a70366a77912208b27bd9653e6d64b7afce753bf91f232f4d5cad,True,
outputs\hwaseong_jinan\arcgis\parcels.gdb\a00000007.CatRelTypesByUUID.atx,4118,7d09c1df65343217794377d55ba1e9f1e7bdfbf991dcf71f7423b3b5275f9a26,True,
outputs\hwaseong_jinan\arcgis\parcels.gdb\a00000007.gdbindexes,602,dc98e24d04eddd7f38905d176c1ea43c547a3a2daa0c80091a20d3443c726621,True,
outputs\hwaseong_jinan\arcgis\parcels.gdb\a00000007.gdbtable,3626,6df6541c4921721ffad9a68412d1ef813e79b4d7ff9363815b8aaa8ac51a9ba1,True,
outputs\hwaseong_jinan\arcgis\parcels.gdb\a00000007.gdbtablx,5152,dca874a84875d0a7a7489681fe02db46f8df847b490871fea0762c62818e5bdc,True,
outputs\hwaseong_jinan\arcgis\parcels.gdb\a00000009.EditingTemplatesByDatasetGUID.atx,4118,e896573b876ae008ad28ce94c677335b6da02a3ec99f86fe7f1602d4f79dee77,True,
outputs\hwaseong_jinan\arcgis\parcels.gdb\a00000009.EditingTemplatesByName.atx,4118,6052dffe7de6bb2e1701b454b7c318b3874dcd8e49b129039ff583bce5369d08,True,
outputs\hwaseong_jinan\arcgis\parcels.gdb\a00000009.EditingTemplatesByType.atx,4118,f4088d2ff452cf2365f07b589faeda6a57b9a2ede4ce041f0c9a7a877bd7e4bc,True,
outputs\hwaseong_jinan\arcgis\parcels.gdb\a00000009.FDO_GlobalID.atx,4118,e896573b876ae008ad28ce94c677335b6da02a3ec99f86fe7f1602d4f79dee77,True,
outputs\hwaseong_jinan\arcgis\parcels.gdb\a00000009.gdbindexes,378,aa8afd7a18a975f96815b60fcb33a4f29327568ae2f8098d20717352d698c762,True,
outputs\hwaseong_jinan\arcgis\parcels.gdb\a00000009.gdbtable,385,d74b9b7303fae4b4ae9c1058925e83e22867cfeb3c9e544ae2a4db2fc12f7a5d,True,
outputs\hwaseong_jinan\arcgis\parcels.gdb\a00000009.gdbtablx,32,4e0a9f371d483e96ff8d083ada7aa0d5a23c1da5472b6509a44b9514ba1ed2ca,True,
outputs\hwaseong_jinan\arcgis\parcels.gdb\a0000000a.EditingTemplateRelsByDestinationID.atx,4118,e896573b876ae008ad28ce94c677335b6da02a3ec99f86fe7f1602d4f79dee77,True,
outputs\hwaseong_jinan\arcgis\parcels.gdb\a0000000a.EditingTemplateRelsByOriginID.atx,4118,e896573b876ae008ad28ce94c677335b6da02a3ec99f86fe7f1602d4f79dee77,True,
outputs\hwaseong_jinan\arcgis\parcels.gdb\a0000000a.EditingTemplateRelsByType.atx,4118,f4088d2ff452cf2365f07b589faeda6a57b9a2ede4ce041f0c9a7a877bd7e4bc,True,
outputs\hwaseong_jinan\arcgis\parcels.gdb\a0000000a.gdbindexes,344,7bcb1d3151048bb8e54f8e5165cb430a344008829248c679267b690672f8b369,True,
outputs\hwaseong_jinan\arcgis\parcels.gdb\a0000000a.gdbtable,127,062d5c99361883f7ef9d3deeb0e59f2e190d627acc34f54f71594d1e9e6bf4ac,True,
outputs\hwaseong_jinan\arcgis\parcels.gdb\a0000000a.gdbtablx,32,4e0a9f371d483e96ff8d083ada7aa0d5a23c1da5472b6509a44b9514ba1ed2ca,True,
outputs\hwaseong_jinan\arcgis\parcels.gdb\a0000000b.gdbindexes,116,760bd4864717c60d5e7c0c6461a622062680e6f79f51250f49456aa609b43774,True,
outputs\hwaseong_jinan\arcgis\parcels.gdb\a0000000b.gdbtable,105208,49125d91ad5e23e70f9c97ba959e6289ae2fee1c2f803bb54f8c9b2e3af108a6,True,
outputs\hwaseong_jinan\arcgis\parcels.gdb\a0000000b.gdbtablx,5152,67c123caa3800ce25a464b3bb476c41737f95d2ed0b81777e03401859962aed8,True,
outputs\hwaseong_jinan\arcgis\parcels.gdb\a0000000b.horizon,32,9fab34115b351a30fb6adb5818d8f08e4dd3a024b7247dbbc61c56929ab6e223,True,
outputs\hwaseong_jinan\arcgis\parcels.gdb\a0000000b.spx,12310,401cec5bef075eabd79e055521d22e8e1cbf5ad209f145f5750e72b12aa75b9e,True,
outputs\hwaseong_jinan\arcgis\parcels.gdb\gdb,4,2594b6a92ebfb1c3312deb7d01c015fb95e9fbe9bd7bc6b527af07813ec7b910,True,
outputs\hwaseong_jinan\arcgis\parcels.gdb\timestamps,400,00373c4d78ef5c2717623d4b890a132b7287c3cdde31a6f1161c4a68c9ef1a9f,True,
outputs\hwaseong_jinan\arcgis\progress.gdb\a00000001.gdbindexes,110,80ba95b873e151074244f7655f9e29ce8967aab1bd57ff4c06a329b723a3d46c,True,
outputs\hwaseong_jinan\arcgis\progress.gdb\a00000001.gdbtable,398,0b2ca7555397394da019f5b74eed78b258ca51f009a64896e11a09c05baf4ec0,True,
outputs\hwaseong_jinan\arcgis\progress.gdb\a00000001.gdbtablx,5152,6507b1f41ea4d102e93f7f1f30f3935d03e80cc044865718d1d5fe6d5fbecdcd,True,
outputs\hwaseong_jinan\arcgis\progress.gdb\a00000001.TablesByName.atx,4118,02bdc36ed320a124f9fda39421c17d1446f9ed0d2fc9259545ad859b16634bda,True,
outputs\hwaseong_jinan\arcgis\progress.gdb\a00000002.gdbtable,2055,9efa50dc62a40e109a546054943ae5ad4b3d41aa81ece0dfa026b7b23cb09da8,True,
outputs\hwaseong_jinan\arcgis\progress.gdb\a00000002.gdbtablx,5152,f3ac9865dec6ab40e73d91dd1f5c2eef0248e66e359d4abb1d97edba92b5df88,True,
outputs\hwaseong_jinan\arcgis\progress.gdb\a00000003.gdbindexes,42,de0911d18e2f304380c04ae123ea18057d262d788301f7cc3148298231c7c618,True,
outputs\hwaseong_jinan\arcgis\progress.gdb\a00000003.gdbtable,760,5f7953061c8a29fdc8b13a21a3347511d3d9048d59e383ab80661c0861ce66c1,True,
outputs\hwaseong_jinan\arcgis\progress.gdb\a00000003.gdbtablx,5152,d63fd5f8a490aa6aeffde1336e80ce35b5399af5752a72b316570a670b09d167,True,
outputs\hwaseong_jinan\arcgis\progress.gdb\a00000004.CatItemsByPhysicalName.atx,4118,181331744288f73a10cc5f5d51fc9376c5622e47c7cf4869ee714f7fcda7d27e,True,
outputs\hwaseong_jinan\arcgis\progress.gdb\a00000004.CatItemsByType.atx,4118,62e8b54f09ae2d7f840f4830ccf90a734d200b2a88106b7d21cf4c6260050e56,True,
outputs\hwaseong_jinan\arcgis\progress.gdb\a00000004.FDO_UUID.atx,4118,2d6e4c962d7f79bc2e5c41f55c73c0f21da432092e7002607c923fa8047562e1,True,
outputs\hwaseong_jinan\arcgis\progress.gdb\a00000004.freelist,12632,6a6ed73db8e706811fd07e466aa2de6ee8a6b4028106f9c267e4040a483b6d09,True,
outputs\hwaseong_jinan\arcgis\progress.gdb\a00000004.gdbindexes,310,f29887c93b126a3feb0e20958cd73cc774f76ab79284b9c7286dc12eb05db858,True,
outputs\hwaseong_jinan\arcgis\progress.gdb\a00000004.gdbtable,45789,fcee1e6bbff3df9498058ff53b290676812d901ec748d1a25688ffc8f3a50289,True,
outputs\hwaseong_jinan\arcgis\progress.gdb\a00000004.gdbtablx,5152,2a49599486a0553a024d4f9c20d515a2b4e213e57e4a397ac99b081acd73e3a9,True,
outputs\hwaseong_jinan\arcgis\progress.gdb\a00000004.horizon,32,9fab34115b351a30fb6adb5818d8f08e4dd3a024b7247dbbc61c56929ab6e223,True,
outputs\hwaseong_jinan\arcgis\progress.gdb\a00000004.spx,4118,027866f78134de031571290fab2599ab7879bd7df84030ee324b233b891058aa,True,
outputs\hwaseong_jinan\arcgis\progress.gdb\a00000005.CatItemTypesByName.atx,12310,bd4d87826f4ceb333eea541b47bcc6f3ab7482ebd1f9d9e22eaa24440dac9a9d,True,
outputs\hwaseong_jinan\arcgis\progress.gdb\a00000005.CatItemTypesByParentTypeID.atx,4118,3b0cba13354ba2dabfcdef76d3dc9635b2156f9d6532782389bc8163aaa6d735,True,
outputs\hwaseong_jinan\arcgis\progress.gdb\a00000005.CatItemTypesByUUID.atx,4118,ed60ce77b7e4bbb21f4ff2502baa785ca9069335d8c622b765ef69d88408e0ee,True,
outputs\hwaseong_jinan\arcgis\progress.gdb\a00000005.gdbindexes,296,c21e650994b48cc72d174b3caf2ac1bd19e2d7305c8087aaae97e24caecf98a5,True,
outputs\hwaseong_jinan\arcgis\progress.gdb\a00000005.gdbtable,2071,9de6643cc403905cc0a3be8ebbfb7e73e4c29838330ad9d661c258138b625af0,True,
outputs\hwaseong_jinan\arcgis\progress.gdb\a00000005.gdbtablx,5152,814c7f1509fab80670cc35035b1beb9c387d4cfe9e9bf6aa72206ab129dfaaa7,True,
outputs\hwaseong_jinan\arcgis\progress.gdb\a00000006.CatRelsByDestinationID.atx,4118,31ac3974ffcabb4fe54a4154ce1bd4b0371add6ce27ba5f1409ee009a0487886,True,
outputs\hwaseong_jinan\arcgis\progress.gdb\a00000006.CatRelsByOriginID.atx,4118,7c9efcad916fc5e2b4a5ee49339af74ea8be5228a8fc53980098e54a4c2e1bf8,True,
outputs\hwaseong_jinan\arcgis\progress.gdb\a00000006.CatRelsByType.atx,4118,6d3e70cde98b562357b052142f673a021f177647763f7cf5b73cc415d671fbfb,True,
outputs\hwaseong_jinan\arcgis\progress.gdb\a00000006.FDO_UUID.atx,4118,35fc7729ee691d83e08db777a35d8db4feb1169f1ac0ae319251f9385f68bc4f,True,
outputs\hwaseong_jinan\arcgis\progress.gdb\a00000006.gdbindexes,318,1919a00326f198a90dc97545ec448c10b2b90d367020222212f7b00433fe09b5,True,
outputs\hwaseong_jinan\arcgis\progress.gdb\a00000006.gdbtable,263,820972665f3ec72e5f23ea57658f5047bbca95a658583420306cd74900898373,True,
outputs\hwaseong_jinan\arcgis\progress.gdb\a00000006.gdbtablx,5152,d9c498cb200741d86e8fd4adbd17f8b5dd4f35abf4dfad3f88239c84ac999d0e,True,
outputs\hwaseong_jinan\arcgis\progress.gdb\a00000007.CatRelTypesByBackwardLabel.atx,12310,cdad55c536bd5a3fccf13384276d3ad71b336838af83c4c6ebec9d00d0bb343c,True,
outputs\hwaseong_jinan\arcgis\progress.gdb\a00000007.CatRelTypesByDestItemTypeID.atx,4118,1b6dd887f93d242568fd44bf207ec4927a716d7a547ee92e3f9132cf65ab7f57,True,
outputs\hwaseong_jinan\arcgis\progress.gdb\a00000007.CatRelTypesByForwardLabel.atx,12310,6d3996ee670b41fab277407b03343bfefb36d1003549933df8fbc1c2e70b6540,True,
outputs\hwaseong_jinan\arcgis\progress.gdb\a00000007.CatRelTypesByName.atx,12310,1956fbb73bed5c8db3bda819f235f0fda3e68f2a1a4a02bb78900db08cfb2792,True,
outputs\hwaseong_jinan\arcgis\progress.gdb\a00000007.CatRelTypesByOriginItemTypeID.atx,4118,515bb2b01d6a70366a77912208b27bd9653e6d64b7afce753bf91f232f4d5cad,True,
outputs\hwaseong_jinan\arcgis\progress.gdb\a00000007.CatRelTypesByUUID.atx,4118,7d09c1df65343217794377d55ba1e9f1e7bdfbf991dcf71f7423b3b5275f9a26,True,
outputs\hwaseong_jinan\arcgis\progress.gdb\a00000007.gdbindexes,602,dc98e24d04eddd7f38905d176c1ea43c547a3a2daa0c80091a20d3443c726621,True,
outputs\hwaseong_jinan\arcgis\progress.gdb\a00000007.gdbtable,3626,6df6541c4921721ffad9a68412d1ef813e79b4d7ff9363815b8aaa8ac51a9ba1,True,
outputs\hwaseong_jinan\arcgis\progress.gdb\a00000007.gdbtablx,5152,dca874a84875d0a7a7489681fe02db46f8df847b490871fea0762c62818e5bdc,True,
outputs\hwaseong_jinan\arcgis\progress.gdb\a00000009.EditingTemplatesByDatasetGUID.atx,4118,e896573b876ae008ad28ce94c677335b6da02a3ec99f86fe7f1602d4f79dee77,True,
outputs\hwaseong_jinan\arcgis\progress.gdb\a00000009.EditingTemplatesByName.atx,4118,6052dffe7de6bb2e1701b454b7c318b3874dcd8e49b129039ff583bce5369d08,True,
outputs\hwaseong_jinan\arcgis\progress.gdb\a00000009.EditingTemplatesByType.atx,4118,f4088d2ff452cf2365f07b589faeda6a57b9a2ede4ce041f0c9a7a877bd7e4bc,True,
outputs\hwaseong_jinan\arcgis\progress.gdb\a00000009.FDO_GlobalID.atx,4118,e896573b876ae008ad28ce94c677335b6da02a3ec99f86fe7f1602d4f79dee77,True,
outputs\hwaseong_jinan\arcgis\progress.gdb\a00000009.gdbindexes,378,aa8afd7a18a975f96815b60fcb33a4f29327568ae2f8098d20717352d698c762,True,
outputs\hwaseong_jinan\arcgis\progress.gdb\a00000009.gdbtable,385,d74b9b7303fae4b4ae9c1058925e83e22867cfeb3c9e544ae2a4db2fc12f7a5d,True,
outputs\hwaseong_jinan\arcgis\progress.gdb\a00000009.gdbtablx,32,4e0a9f371d483e96ff8d083ada7aa0d5a23c1da5472b6509a44b9514ba1ed2ca,True,
outputs\hwaseong_jinan\arcgis\progress.gdb\a0000000a.EditingTemplateRelsByDestinationID.atx,4118,e896573b876ae008ad28ce94c677335b6da02a3ec99f86fe7f1602d4f79dee77,True,
outputs\hwaseong_jinan\arcgis\progress.gdb\a0000000a.EditingTemplateRelsByOriginID.atx,4118,e896573b876ae008ad28ce94c677335b6da02a3ec99f86fe7f1602d4f79dee77,True,
outputs\hwaseong_jinan\arcgis\progress.gdb\a0000000a.EditingTemplateRelsByType.atx,4118,f4088d2ff452cf2365f07b589faeda6a57b9a2ede4ce041f0c9a7a877bd7e4bc,True,
outputs\hwaseong_jinan\arcgis\progress.gdb\a0000000a.gdbindexes,344,7bcb1d3151048bb8e54f8e5165cb430a344008829248c679267b690672f8b369,True,
outputs\hwaseong_jinan\arcgis\progress.gdb\a0000000a.gdbtable,127,062d5c99361883f7ef9d3deeb0e59f2e190d627acc34f54f71594d1e9e6bf4ac,True,
outputs\hwaseong_jinan\arcgis\progress.gdb\a0000000a.gdbtablx,32,4e0a9f371d483e96ff8d083ada7aa0d5a23c1da5472b6509a44b9514ba1ed2ca,True,
outputs\hwaseong_jinan\arcgis\progress.gdb\a0000000b.gdbindexes,116,760bd4864717c60d5e7c0c6461a622062680e6f79f51250f49456aa609b43774,True,
outputs\hwaseong_jinan\arcgis\progress.gdb\a0000000b.gdbtable,31777,3fd6346ae50533b7427fa9e230401f094637997921b759b6ce4a1d1624813e08,True,
outputs\hwaseong_jinan\arcgis\progress.gdb\a0000000b.gdbtablx,5152,08699cc9bf4e5018ff384219b25a4f31a5d9ad3aad47958b996362eed29f1a70,True,
outputs\hwaseong_jinan\arcgis\progress.gdb\a0000000b.horizon,32,9fab34115b351a30fb6adb5818d8f08e4dd3a024b7247dbbc61c56929ab6e223,True,
outputs\hwaseong_jinan\arcgis\progress.gdb\a0000000b.spx,12310,105b9339287ccf574eaf5685ff26e240c812c812bc50cb70ad91531e279989c0,True,
outputs\hwaseong_jinan\arcgis\progress.gdb\gdb,4,2594b6a92ebfb1c3312deb7d01c015fb95e9fbe9bd7bc6b527af07813ec7b910,True,
outputs\hwaseong_jinan\arcgis\progress.gdb\timestamps,400,00373c4d78ef5c2717623d4b890a132b7287c3cdde31a6f1161c4a68c9ef1a9f,True,
outputs\hwaseong_jinan\arcgis\rasters\change_mask.tfw,91,d0f2725a9d4b0527c0a7e5b408af7d2ebc95d2afa8bb8c6af6704b6c725eb891,True,
outputs\hwaseong_jinan\arcgis\rasters\change_mask.tif,792282,5bc6a8aab2824f21b7db1364e86d452ff2f7f3d1d3163f0077a04833a384650f,True,
outputs\hwaseong_jinan\arcgis\rasters\change_mask.tif.aux.xml,1394,02b613ac936993a3b3e40669e1fac4135a81fc6a4d48b76113fd545a15f5c739,True,
outputs\hwaseong_jinan\arcgis\rasters\change_mask.tif.xml,1186,658588d3f6dbf05642b87f729dede82394c5491f86440a4316a923c424e34e76,True,
outputs\hwaseong_jinan\arcgis\rasters\change_mask_clean.tfw,91,d0f2725a9d4b0527c0a7e5b408af7d2ebc95d2afa8bb8c6af6704b6c725eb891,True,
outputs\hwaseong_jinan\arcgis\rasters\change_mask_clean.tif,9084,339778f721add5d1f84f281fcc5c5214740034a1077f4a27718066bba33909d8,True,
outputs\hwaseong_jinan\arcgis\rasters\change_mask_clean.tif.aux.xml,846,ec364eb4d6088d5c181cd5ecc99c285faf84b1c9d2f6b32fa597feb273b6745a,True,
outputs\hwaseong_jinan\arcgis\rasters\change_mask_clean.tif.vat.cpg,5,3ad3031f5503a4404af825262ee8232cc04d4ea6683d42c5dd0a2f2a27ac9824,True,
outputs\hwaseong_jinan\arcgis\rasters\change_mask_clean.tif.vat.dbf,128,f775c4920d93217938645392791933c94396c84781e3a66238d3b9057bdb6616,True,
outputs\hwaseong_jinan\arcgis\rasters\change_probability.tfw,91,d0f2725a9d4b0527c0a7e5b408af7d2ebc95d2afa8bb8c6af6704b6c725eb891,True,
outputs\hwaseong_jinan\arcgis\rasters\change_probability.tif,792282,0c11b80c5a793f44824b62e7b18c5f567f4c6e1d87c917d93f873e7d10baa007,True,
outputs\hwaseong_jinan\arcgis\rasters\change_probability.tif.aux.xml,1753,73fc8d7521a2362438f5f18f880d54cc58cf26cb1b352d427b80918c8ab8e7e2,True,
outputs\hwaseong_jinan\arcgis\rasters\change_probability.tif.xml,1193,d23b486dc2ea2a6683569848d780e03b63b2eb4ea5d1b1ed02126b4f8aa19071,True,
outputs\hwaseong_jinan\arcgis\results.gdb\a00000001.gdbindexes,110,80ba95b873e151074244f7655f9e29ce8967aab1bd57ff4c06a329b723a3d46c,True,
outputs\hwaseong_jinan\arcgis\results.gdb\a00000001.gdbtable,404,cfd5d385c5ce705cc629c77f84745e06349fd548f12572a54fcbb58f3afd8abb,True,
outputs\hwaseong_jinan\arcgis\results.gdb\a00000001.gdbtablx,5152,6507b1f41ea4d102e93f7f1f30f3935d03e80cc044865718d1d5fe6d5fbecdcd,True,
outputs\hwaseong_jinan\arcgis\results.gdb\a00000001.TablesByName.atx,4118,558c3b578f77d3ab27ade121cceadbd1ead7e9da34afc17d3a95588e5f8709bf,True,
outputs\hwaseong_jinan\arcgis\results.gdb\a00000002.gdbtable,2055,9efa50dc62a40e109a546054943ae5ad4b3d41aa81ece0dfa026b7b23cb09da8,True,
outputs\hwaseong_jinan\arcgis\results.gdb\a00000002.gdbtablx,5152,f3ac9865dec6ab40e73d91dd1f5c2eef0248e66e359d4abb1d97edba92b5df88,True,
outputs\hwaseong_jinan\arcgis\results.gdb\a00000003.gdbindexes,42,de0911d18e2f304380c04ae123ea18057d262d788301f7cc3148298231c7c618,True,
outputs\hwaseong_jinan\arcgis\results.gdb\a00000003.gdbtable,760,5f7953061c8a29fdc8b13a21a3347511d3d9048d59e383ab80661c0861ce66c1,True,
outputs\hwaseong_jinan\arcgis\results.gdb\a00000003.gdbtablx,5152,d63fd5f8a490aa6aeffde1336e80ce35b5399af5752a72b316570a670b09d167,True,
outputs\hwaseong_jinan\arcgis\results.gdb\a00000004.CatItemsByPhysicalName.atx,4118,f450c49e267cedd41524a09df5b07f139ea09b1b627384efbbc897a3cd42abe2,True,
outputs\hwaseong_jinan\arcgis\results.gdb\a00000004.CatItemsByType.atx,4118,62e8b54f09ae2d7f840f4830ccf90a734d200b2a88106b7d21cf4c6260050e56,True,
outputs\hwaseong_jinan\arcgis\results.gdb\a00000004.FDO_UUID.atx,4118,1d5fe4efb92e8ab376101c926addc0e8a4d7f0a0d4247b1b1e12cc2a9c606eaf,True,
outputs\hwaseong_jinan\arcgis\results.gdb\a00000004.freelist,12632,9e1ae1737f4376e538ccf860ca3c71d8b5b0b8e07f4b526aa7afeb9095f7d98d,True,
outputs\hwaseong_jinan\arcgis\results.gdb\a00000004.gdbindexes,310,f29887c93b126a3feb0e20958cd73cc774f76ab79284b9c7286dc12eb05db858,True,
outputs\hwaseong_jinan\arcgis\results.gdb\a00000004.gdbtable,113976,d98423fc2ce5087f267e1780cf57f8c8c3cf3eda3b7e109f729f34e31cacc39e,True,
outputs\hwaseong_jinan\arcgis\results.gdb\a00000004.gdbtablx,5152,eba6e18c2cbf2fc36ba2e84b376eb978b93e9657bbec6d33fc41988b70dabf15,True,
outputs\hwaseong_jinan\arcgis\results.gdb\a00000004.horizon,32,9fab34115b351a30fb6adb5818d8f08e4dd3a024b7247dbbc61c56929ab6e223,True,
outputs\hwaseong_jinan\arcgis\results.gdb\a00000004.spx,4118,027866f78134de031571290fab2599ab7879bd7df84030ee324b233b891058aa,True,
outputs\hwaseong_jinan\arcgis\results.gdb\a00000005.CatItemTypesByName.atx,12310,bd4d87826f4ceb333eea541b47bcc6f3ab7482ebd1f9d9e22eaa24440dac9a9d,True,
outputs\hwaseong_jinan\arcgis\results.gdb\a00000005.CatItemTypesByParentTypeID.atx,4118,3b0cba13354ba2dabfcdef76d3dc9635b2156f9d6532782389bc8163aaa6d735,True,
outputs\hwaseong_jinan\arcgis\results.gdb\a00000005.CatItemTypesByUUID.atx,4118,ed60ce77b7e4bbb21f4ff2502baa785ca9069335d8c622b765ef69d88408e0ee,True,
outputs\hwaseong_jinan\arcgis\results.gdb\a00000005.gdbindexes,296,c21e650994b48cc72d174b3caf2ac1bd19e2d7305c8087aaae97e24caecf98a5,True,
outputs\hwaseong_jinan\arcgis\results.gdb\a00000005.gdbtable,2071,9de6643cc403905cc0a3be8ebbfb7e73e4c29838330ad9d661c258138b625af0,True,
outputs\hwaseong_jinan\arcgis\results.gdb\a00000005.gdbtablx,5152,814c7f1509fab80670cc35035b1beb9c387d4cfe9e9bf6aa72206ab129dfaaa7,True,
outputs\hwaseong_jinan\arcgis\results.gdb\a00000006.CatRelsByDestinationID.atx,4118,1e346e1a103d0ac64546eec4cb6e6594f39de4a652f7f836c46aabd8f2a69cb2,True,
outputs\hwaseong_jinan\arcgis\results.gdb\a00000006.CatRelsByOriginID.atx,4118,7c9efcad916fc5e2b4a5ee49339af74ea8be5228a8fc53980098e54a4c2e1bf8,True,
outputs\hwaseong_jinan\arcgis\results.gdb\a00000006.CatRelsByType.atx,4118,6d3e70cde98b562357b052142f673a021f177647763f7cf5b73cc415d671fbfb,True,
outputs\hwaseong_jinan\arcgis\results.gdb\a00000006.FDO_UUID.atx,4118,ce8b709619bf0fc178955726b017dbf4d5ba2d139bf164b478b252e3b86f2a9d,True,
outputs\hwaseong_jinan\arcgis\results.gdb\a00000006.gdbindexes,318,1919a00326f198a90dc97545ec448c10b2b90d367020222212f7b00433fe09b5,True,
outputs\hwaseong_jinan\arcgis\results.gdb\a00000006.gdbtable,263,4f89b8b6b0b30b073bc8a988ec5a3f1c7a4c573c84a5a50e83a0bf146c2df52c,True,
outputs\hwaseong_jinan\arcgis\results.gdb\a00000006.gdbtablx,5152,d9c498cb200741d86e8fd4adbd17f8b5dd4f35abf4dfad3f88239c84ac999d0e,True,
outputs\hwaseong_jinan\arcgis\results.gdb\a00000007.CatRelTypesByBackwardLabel.atx,12310,cdad55c536bd5a3fccf13384276d3ad71b336838af83c4c6ebec9d00d0bb343c,True,
outputs\hwaseong_jinan\arcgis\results.gdb\a00000007.CatRelTypesByDestItemTypeID.atx,4118,1b6dd887f93d242568fd44bf207ec4927a716d7a547ee92e3f9132cf65ab7f57,True,
outputs\hwaseong_jinan\arcgis\results.gdb\a00000007.CatRelTypesByForwardLabel.atx,12310,6d3996ee670b41fab277407b03343bfefb36d1003549933df8fbc1c2e70b6540,True,
outputs\hwaseong_jinan\arcgis\results.gdb\a00000007.CatRelTypesByName.atx,12310,1956fbb73bed5c8db3bda819f235f0fda3e68f2a1a4a02bb78900db08cfb2792,True,
outputs\hwaseong_jinan\arcgis\results.gdb\a00000007.CatRelTypesByOriginItemTypeID.atx,4118,515bb2b01d6a70366a77912208b27bd9653e6d64b7afce753bf91f232f4d5cad,True,
outputs\hwaseong_jinan\arcgis\results.gdb\a00000007.CatRelTypesByUUID.atx,4118,7d09c1df65343217794377d55ba1e9f1e7bdfbf991dcf71f7423b3b5275f9a26,True,
outputs\hwaseong_jinan\arcgis\results.gdb\a00000007.gdbindexes,602,dc98e24d04eddd7f38905d176c1ea43c547a3a2daa0c80091a20d3443c726621,True,
outputs\hwaseong_jinan\arcgis\results.gdb\a00000007.gdbtable,3626,6df6541c4921721ffad9a68412d1ef813e79b4d7ff9363815b8aaa8ac51a9ba1,True,
outputs\hwaseong_jinan\arcgis\results.gdb\a00000007.gdbtablx,5152,dca874a84875d0a7a7489681fe02db46f8df847b490871fea0762c62818e5bdc,True,
outputs\hwaseong_jinan\arcgis\results.gdb\a00000009.EditingTemplatesByDatasetGUID.atx,4118,e896573b876ae008ad28ce94c677335b6da02a3ec99f86fe7f1602d4f79dee77,True,
outputs\hwaseong_jinan\arcgis\results.gdb\a00000009.EditingTemplatesByName.atx,4118,6052dffe7de6bb2e1701b454b7c318b3874dcd8e49b129039ff583bce5369d08,True,
outputs\hwaseong_jinan\arcgis\results.gdb\a00000009.EditingTemplatesByType.atx,4118,f4088d2ff452cf2365f07b589faeda6a57b9a2ede4ce041f0c9a7a877bd7e4bc,True,
outputs\hwaseong_jinan\arcgis\results.gdb\a00000009.FDO_GlobalID.atx,4118,e896573b876ae008ad28ce94c677335b6da02a3ec99f86fe7f1602d4f79dee77,True,
outputs\hwaseong_jinan\arcgis\results.gdb\a00000009.gdbindexes,378,aa8afd7a18a975f96815b60fcb33a4f29327568ae2f8098d20717352d698c762,True,
outputs\hwaseong_jinan\arcgis\results.gdb\a00000009.gdbtable,385,d74b9b7303fae4b4ae9c1058925e83e22867cfeb3c9e544ae2a4db2fc12f7a5d,True,
outputs\hwaseong_jinan\arcgis\results.gdb\a00000009.gdbtablx,32,4e0a9f371d483e96ff8d083ada7aa0d5a23c1da5472b6509a44b9514ba1ed2ca,True,
outputs\hwaseong_jinan\arcgis\results.gdb\a0000000a.EditingTemplateRelsByDestinationID.atx,4118,e896573b876ae008ad28ce94c677335b6da02a3ec99f86fe7f1602d4f79dee77,True,
outputs\hwaseong_jinan\arcgis\results.gdb\a0000000a.EditingTemplateRelsByOriginID.atx,4118,e896573b876ae008ad28ce94c677335b6da02a3ec99f86fe7f1602d4f79dee77,True,
outputs\hwaseong_jinan\arcgis\results.gdb\a0000000a.EditingTemplateRelsByType.atx,4118,f4088d2ff452cf2365f07b589faeda6a57b9a2ede4ce041f0c9a7a877bd7e4bc,True,
outputs\hwaseong_jinan\arcgis\results.gdb\a0000000a.gdbindexes,344,7bcb1d3151048bb8e54f8e5165cb430a344008829248c679267b690672f8b369,True,
outputs\hwaseong_jinan\arcgis\results.gdb\a0000000a.gdbtable,127,062d5c99361883f7ef9d3deeb0e59f2e190d627acc34f54f71594d1e9e6bf4ac,True,
outputs\hwaseong_jinan\arcgis\results.gdb\a0000000a.gdbtablx,32,4e0a9f371d483e96ff8d083ada7aa0d5a23c1da5472b6509a44b9514ba1ed2ca,True,
outputs\hwaseong_jinan\arcgis\results.gdb\a0000000b.gdbindexes,116,760bd4864717c60d5e7c0c6461a622062680e6f79f51250f49456aa609b43774,True,
outputs\hwaseong_jinan\arcgis\results.gdb\a0000000b.gdbtable,276830,40ed60249c8a314f3746eed0f9edcd333067c14970bf08c7c62fe1a98074f2e1,True,
outputs\hwaseong_jinan\arcgis\results.gdb\a0000000b.gdbtablx,5156,6b4333358c949532e3d671a6fe89f9c18ae8949102267293e2762575e25f8913,True,
outputs\hwaseong_jinan\arcgis\results.gdb\a0000000b.horizon,32,9fab34115b351a30fb6adb5818d8f08e4dd3a024b7247dbbc61c56929ab6e223,True,
outputs\hwaseong_jinan\arcgis\results.gdb\a0000000b.spx,65566,de6cabc1ded6fb440973b49cf0bc4b56eae895597b72d61ebb827a103527fbc2,True,
outputs\hwaseong_jinan\arcgis\results.gdb\gdb,4,2594b6a92ebfb1c3312deb7d01c015fb95e9fbe9bd7bc6b527af07813ec7b910,True,
outputs\hwaseong_jinan\arcgis\results.gdb\timestamps,400,00373c4d78ef5c2717623d4b890a132b7287c3cdde31a6f1161c4a68c9ef1a9f,True,
outputs\hwaseong_jinan\arcgis\sites.gdb\a00000001.gdbindexes,110,80ba95b873e151074244f7655f9e29ce8967aab1bd57ff4c06a329b723a3d46c,True,
outputs\hwaseong_jinan\arcgis\sites.gdb\a00000001.gdbtable,393,2b7d1573f3d618e9cfd3a98272db50111c7f745b91c5b7d2a5d9d6af98b1692f,True,
outputs\hwaseong_jinan\arcgis\sites.gdb\a00000001.gdbtablx,5152,6507b1f41ea4d102e93f7f1f30f3935d03e80cc044865718d1d5fe6d5fbecdcd,True,
outputs\hwaseong_jinan\arcgis\sites.gdb\a00000001.TablesByName.atx,4118,1c9c7a2ccb8070f3d9f290d2b92f3c9f930d30fe5badeda6fac2c27f4dd67db1,True,
outputs\hwaseong_jinan\arcgis\sites.gdb\a00000002.gdbtable,2055,9efa50dc62a40e109a546054943ae5ad4b3d41aa81ece0dfa026b7b23cb09da8,True,
outputs\hwaseong_jinan\arcgis\sites.gdb\a00000002.gdbtablx,5152,f3ac9865dec6ab40e73d91dd1f5c2eef0248e66e359d4abb1d97edba92b5df88,True,
outputs\hwaseong_jinan\arcgis\sites.gdb\a00000003.gdbindexes,42,de0911d18e2f304380c04ae123ea18057d262d788301f7cc3148298231c7c618,True,
outputs\hwaseong_jinan\arcgis\sites.gdb\a00000003.gdbtable,760,5f7953061c8a29fdc8b13a21a3347511d3d9048d59e383ab80661c0861ce66c1,True,
outputs\hwaseong_jinan\arcgis\sites.gdb\a00000003.gdbtablx,5152,d63fd5f8a490aa6aeffde1336e80ce35b5399af5752a72b316570a670b09d167,True,
outputs\hwaseong_jinan\arcgis\sites.gdb\a00000004.CatItemsByPhysicalName.atx,4118,406b4e6efeca1d3f31032f45057aabea34048596a1ef41202c113ee15a9dc5a2,True,
outputs\hwaseong_jinan\arcgis\sites.gdb\a00000004.CatItemsByType.atx,4118,62e8b54f09ae2d7f840f4830ccf90a734d200b2a88106b7d21cf4c6260050e56,True,
outputs\hwaseong_jinan\arcgis\sites.gdb\a00000004.FDO_UUID.atx,4118,e3e23b5f0a4d3db08499bafb5792d19a1e0647c3a503a197418c87217edcb766,True,
outputs\hwaseong_jinan\arcgis\sites.gdb\a00000004.freelist,12632,119d25915f4e941db8be6564fff3a4095e9c25ba5022460899f8c09f9101d7c8,True,
outputs\hwaseong_jinan\arcgis\sites.gdb\a00000004.gdbindexes,310,f29887c93b126a3feb0e20958cd73cc774f76ab79284b9c7286dc12eb05db858,True,
outputs\hwaseong_jinan\arcgis\sites.gdb\a00000004.gdbtable,29049,7ec08e585d9a7d11840bdbd81c5ed9394edd2756fd5be6d6db06e280523b8c33,True,
outputs\hwaseong_jinan\arcgis\sites.gdb\a00000004.gdbtablx,5152,0eba7fdaf6f85a8ac22ea284c9dd7d998add6ad4458c7c49b8dd3f347f7cbe15,True,
outputs\hwaseong_jinan\arcgis\sites.gdb\a00000004.horizon,32,9fab34115b351a30fb6adb5818d8f08e4dd3a024b7247dbbc61c56929ab6e223,True,
outputs\hwaseong_jinan\arcgis\sites.gdb\a00000004.spx,4118,027866f78134de031571290fab2599ab7879bd7df84030ee324b233b891058aa,True,
outputs\hwaseong_jinan\arcgis\sites.gdb\a00000005.CatItemTypesByName.atx,12310,bd4d87826f4ceb333eea541b47bcc6f3ab7482ebd1f9d9e22eaa24440dac9a9d,True,
outputs\hwaseong_jinan\arcgis\sites.gdb\a00000005.CatItemTypesByParentTypeID.atx,4118,3b0cba13354ba2dabfcdef76d3dc9635b2156f9d6532782389bc8163aaa6d735,True,
outputs\hwaseong_jinan\arcgis\sites.gdb\a00000005.CatItemTypesByUUID.atx,4118,ed60ce77b7e4bbb21f4ff2502baa785ca9069335d8c622b765ef69d88408e0ee,True,
outputs\hwaseong_jinan\arcgis\sites.gdb\a00000005.gdbindexes,296,c21e650994b48cc72d174b3caf2ac1bd19e2d7305c8087aaae97e24caecf98a5,True,
outputs\hwaseong_jinan\arcgis\sites.gdb\a00000005.gdbtable,2071,9de6643cc403905cc0a3be8ebbfb7e73e4c29838330ad9d661c258138b625af0,True,
outputs\hwaseong_jinan\arcgis\sites.gdb\a00000005.gdbtablx,5152,814c7f1509fab80670cc35035b1beb9c387d4cfe9e9bf6aa72206ab129dfaaa7,True,
outputs\hwaseong_jinan\arcgis\sites.gdb\a00000006.CatRelsByDestinationID.atx,4118,d4c2cc97c0645ff98a7ec30c4d88b04a1355b689e2a9b9e6bc831bd7c6af27d5,True,
outputs\hwaseong_jinan\arcgis\sites.gdb\a00000006.CatRelsByOriginID.atx,4118,7c9efcad916fc5e2b4a5ee49339af74ea8be5228a8fc53980098e54a4c2e1bf8,True,
outputs\hwaseong_jinan\arcgis\sites.gdb\a00000006.CatRelsByType.atx,4118,6d3e70cde98b562357b052142f673a021f177647763f7cf5b73cc415d671fbfb,True,
outputs\hwaseong_jinan\arcgis\sites.gdb\a00000006.FDO_UUID.atx,4118,df73b7e4b9d598e4060e21d9ed0a02d23b24e78f96b50a71f0b05c4a9b6ab5a6,True,
outputs\hwaseong_jinan\arcgis\sites.gdb\a00000006.gdbindexes,318,1919a00326f198a90dc97545ec448c10b2b90d367020222212f7b00433fe09b5,True,
outputs\hwaseong_jinan\arcgis\sites.gdb\a00000006.gdbtable,263,33eb7fa00b18083dd8464b65ce46884bf34b8bf6b3644019cbe0909e14ccadd9,True,
outputs\hwaseong_jinan\arcgis\sites.gdb\a00000006.gdbtablx,5152,d9c498cb200741d86e8fd4adbd17f8b5dd4f35abf4dfad3f88239c84ac999d0e,True,
outputs\hwaseong_jinan\arcgis\sites.gdb\a00000007.CatRelTypesByBackwardLabel.atx,12310,cdad55c536bd5a3fccf13384276d3ad71b336838af83c4c6ebec9d00d0bb343c,True,
outputs\hwaseong_jinan\arcgis\sites.gdb\a00000007.CatRelTypesByDestItemTypeID.atx,4118,1b6dd887f93d242568fd44bf207ec4927a716d7a547ee92e3f9132cf65ab7f57,True,
outputs\hwaseong_jinan\arcgis\sites.gdb\a00000007.CatRelTypesByForwardLabel.atx,12310,6d3996ee670b41fab277407b03343bfefb36d1003549933df8fbc1c2e70b6540,True,
outputs\hwaseong_jinan\arcgis\sites.gdb\a00000007.CatRelTypesByName.atx,12310,1956fbb73bed5c8db3bda819f235f0fda3e68f2a1a4a02bb78900db08cfb2792,True,
outputs\hwaseong_jinan\arcgis\sites.gdb\a00000007.CatRelTypesByOriginItemTypeID.atx,4118,515bb2b01d6a70366a77912208b27bd9653e6d64b7afce753bf91f232f4d5cad,True,
outputs\hwaseong_jinan\arcgis\sites.gdb\a00000007.CatRelTypesByUUID.atx,4118,7d09c1df65343217794377d55ba1e9f1e7bdfbf991dcf71f7423b3b5275f9a26,True,
outputs\hwaseong_jinan\arcgis\sites.gdb\a00000007.gdbindexes,602,dc98e24d04eddd7f38905d176c1ea43c547a3a2daa0c80091a20d3443c726621,True,
outputs\hwaseong_jinan\arcgis\sites.gdb\a00000007.gdbtable,3626,6df6541c4921721ffad9a68412d1ef813e79b4d7ff9363815b8aaa8ac51a9ba1,True,
outputs\hwaseong_jinan\arcgis\sites.gdb\a00000007.gdbtablx,5152,dca874a84875d0a7a7489681fe02db46f8df847b490871fea0762c62818e5bdc,True,
outputs\hwaseong_jinan\arcgis\sites.gdb\a00000009.EditingTemplatesByDatasetGUID.atx,4118,e896573b876ae008ad28ce94c677335b6da02a3ec99f86fe7f1602d4f79dee77,True,
outputs\hwaseong_jinan\arcgis\sites.gdb\a00000009.EditingTemplatesByName.atx,4118,6052dffe7de6bb2e1701b454b7c318b3874dcd8e49b129039ff583bce5369d08,True,
outputs\hwaseong_jinan\arcgis\sites.gdb\a00000009.EditingTemplatesByType.atx,4118,f4088d2ff452cf2365f07b589faeda6a57b9a2ede4ce041f0c9a7a877bd7e4bc,True,
outputs\hwaseong_jinan\arcgis\sites.gdb\a00000009.FDO_GlobalID.atx,4118,e896573b876ae008ad28ce94c677335b6da02a3ec99f86fe7f1602d4f79dee77,True,
outputs\hwaseong_jinan\arcgis\sites.gdb\a00000009.gdbindexes,378,aa8afd7a18a975f96815b60fcb33a4f29327568ae2f8098d20717352d698c762,True,
outputs\hwaseong_jinan\arcgis\sites.gdb\a00000009.gdbtable,385,d74b9b7303fae4b4ae9c1058925e83e22867cfeb3c9e544ae2a4db2fc12f7a5d,True,
outputs\hwaseong_jinan\arcgis\sites.gdb\a00000009.gdbtablx,32,4e0a9f371d483e96ff8d083ada7aa0d5a23c1da5472b6509a44b9514ba1ed2ca,True,
outputs\hwaseong_jinan\arcgis\sites.gdb\a0000000a.EditingTemplateRelsByDestinationID.atx,4118,e896573b876ae008ad28ce94c677335b6da02a3ec99f86fe7f1602d4f79dee77,True,
outputs\hwaseong_jinan\arcgis\sites.gdb\a0000000a.EditingTemplateRelsByOriginID.atx,4118,e896573b876ae008ad28ce94c677335b6da02a3ec99f86fe7f1602d4f79dee77,True,
outputs\hwaseong_jinan\arcgis\sites.gdb\a0000000a.EditingTemplateRelsByType.atx,4118,f4088d2ff452cf2365f07b589faeda6a57b9a2ede4ce041f0c9a7a877bd7e4bc,True,
outputs\hwaseong_jinan\arcgis\sites.gdb\a0000000a.gdbindexes,344,7bcb1d3151048bb8e54f8e5165cb430a344008829248c679267b690672f8b369,True,
outputs\hwaseong_jinan\arcgis\sites.gdb\a0000000a.gdbtable,127,062d5c99361883f7ef9d3deeb0e59f2e190d627acc34f54f71594d1e9e6bf4ac,True,
outputs\hwaseong_jinan\arcgis\sites.gdb\a0000000a.gdbtablx,32,4e0a9f371d483e96ff8d083ada7aa0d5a23c1da5472b6509a44b9514ba1ed2ca,True,
outputs\hwaseong_jinan\arcgis\sites.gdb\a0000000b.gdbindexes,116,760bd4864717c60d5e7c0c6461a622062680e6f79f51250f49456aa609b43774,True,
outputs\hwaseong_jinan\arcgis\sites.gdb\a0000000b.gdbtable,16731,db21ca403391d50c19be22d3434c9cc9d0b5f8a4930419466d819d60820ecfde,True,
outputs\hwaseong_jinan\arcgis\sites.gdb\a0000000b.gdbtablx,5152,e4bbd36a5a2e9b22ac8720de3757b89a08f491eb52f3b2e0cf6ce7846fe91656,True,
outputs\hwaseong_jinan\arcgis\sites.gdb\a0000000b.horizon,32,9fab34115b351a30fb6adb5818d8f08e4dd3a024b7247dbbc61c56929ab6e223,True,
outputs\hwaseong_jinan\arcgis\sites.gdb\a0000000b.spx,4118,9f886721f7a115842e2cc93c929247f93bd09547577ea6ef575177d17ec669bb,True,
outputs\hwaseong_jinan\arcgis\sites.gdb\gdb,4,2594b6a92ebfb1c3312deb7d01c015fb95e9fbe9bd7bc6b527af07813ec7b910,True,
outputs\hwaseong_jinan\arcgis\sites.gdb\timestamps,400,00373c4d78ef5c2717623d4b890a132b7287c3cdde31a6f1161c4a68c9ef1a9f,True,
outputs\hwaseong_jinan\comparisons\t0_t1\run_manifest.json,2013,3cf1f9593401e1a863a34efc432c2c2d4b4d9adfeaafef0d037eee6497d5dc81,True,
outputs\hwaseong_jinan\comparisons\t0_t2\run_manifest.json,2015,22155a3d6015b07321c567784d928592067af9ab91b87a81731021ee3ae0fc0a,True,
outputs\hwaseong_jinan\comparisons\t1_t2\run_manifest.json,2014,96f8c4034a8c7af523d08d30a7ccff353c17a56c6b239c31d82886697fd38147,True,
outputs\hwaseong_jinan\comparisons\t0_t1\figures\before_after_change.png,1339001,84d4014248392208eb28a608e832f3234bdcd2d24ce367cbf35bf82c35f4f7fb,True,
outputs\hwaseong_jinan\comparisons\t0_t1\figures\cadastre_context.png,967548,c4a5bc9eab0158364d638d3602fc0891f37ebe907745ca4a447851898ff55d8b,True,
outputs\hwaseong_jinan\comparisons\t0_t1\figures\hotspots.png,306396,7a9c7db8a8eee9256740d5676b695bfc19de90fd5b6f36dcdf66521f959e1f49,True,
outputs\hwaseong_jinan\comparisons\t0_t1\figures\priority_map.png,303165,08b88d719bd9c42e4f5fa465dc6131a34e40c1c949ed276dc6e6c2ec5d6a599b,True,
outputs\hwaseong_jinan\comparisons\t0_t1\rasters\change_mask.tif,3695,47114984d9d12508379f14fb500bfdce8e977b9f45c89c119896e90c1bc7fb10,True,
outputs\hwaseong_jinan\comparisons\t0_t1\rasters\change_probability.tif,201576,c30808c5070495f95b06471ca0901e036895137934978f47f6d7e9f3724ee30b,True,
outputs\hwaseong_jinan\comparisons\t0_t1\reports\building_change_summary.csv,66509,6448223cace6861a3d14137366f3c11822ad954a05f1beab4a144e6d32958d6d,True,
outputs\hwaseong_jinan\comparisons\t0_t1\reports\human_validation_sample.csv,5913,7acbde89cec858e6f67eb19e39a79819d647541e299adcaca185de6e5179368e,True,
outputs\hwaseong_jinan\comparisons\t0_t1\statistics\global_moran.json,105,4eb47d3825d5a5792892a5ae1fccbce7c82c0ba07f7110813d5c575f73b888e2,True,
outputs\hwaseong_jinan\comparisons\t0_t1\vectors\building_change_results.geojson,263595,bcc22e35cf3bcc20d872a9afec34410af0f65555b6c200c4e1ce49dd4796bbb8,True,
outputs\hwaseong_jinan\comparisons\t0_t1\vectors\building_change_results.gpkg,405504,5c76028706df827d99ecd41b2b0106ac287fabfaa6ba799d62052a8b279748cb,True,
outputs\hwaseong_jinan\comparisons\t0_t1\vectors\change_polygons.geojson,37627,9d97172f4809c246a56e9ff5b134f723f4622711664b3175517997327c17a8d2,True,
outputs\hwaseong_jinan\comparisons\t0_t1\vectors\change_polygons.gpkg,114688,a7b050947de352b308f0d18110abb842350c1a9930a3ec80f91af7a744067161,True,
outputs\hwaseong_jinan\comparisons\t0_t2\figures\before_after_change.png,1348684,581d390b26196b0910b3d144585e88376b833d3de7559ff83ff11bbe0af32954,True,
outputs\hwaseong_jinan\comparisons\t0_t2\figures\cadastre_context.png,968425,3c389bbb525e3d2a4cba9ee6d1c388c7d9b03c2e2d4530b7a125514499ef7797,True,
outputs\hwaseong_jinan\comparisons\t0_t2\figures\hotspots.png,305862,5d9314926583fcd63a898eecb79506cd8debef5bdb23093dd68bc947b2a9a2e1,True,
outputs\hwaseong_jinan\comparisons\t0_t2\figures\priority_map.png,302681,ffbb899b4c368673bb1cd5b74a0be2ef07e1ac59195b7cc787751fd90b575078,True,
outputs\hwaseong_jinan\comparisons\t0_t2\rasters\change_mask.tif,3590,0fb4d7bf1d8058a9455f9fad7164f2cd924f37c70c08865e23f51342d9949940,True,
outputs\hwaseong_jinan\comparisons\t0_t2\rasters\change_probability.tif,201623,080472fb9ce62f6399d3e66893229487ef2006fde0b6a7434e558f238ae5f739,True,
outputs\hwaseong_jinan\comparisons\t0_t2\reports\building_change_summary.csv,49750,d464e0dc8ffbe4ad0dfb8d743ae0f69a095c72c5e50a9703c05ff24b939191d6,True,
outputs\hwaseong_jinan\comparisons\t0_t2\reports\human_validation_sample.csv,5850,5bbf742f193ab5fd21aaf4367b99c5cf3d98a6e4f1393914f0ac98ab117d7826,True,
outputs\hwaseong_jinan\comparisons\t0_t2\statistics\global_moran.json,107,774e76a6352fadb014469b286f2e89323f1b8a6a3516fe679989de96d77424cb,True,
outputs\hwaseong_jinan\comparisons\t0_t2\vectors\building_change_results.geojson,190040,12e67493fe880fcf7a5162e412d0b1ba207bfd43dd2319e944c84f8e74351d0d,True,
outputs\hwaseong_jinan\comparisons\t0_t2\vectors\building_change_results.gpkg,372736,b934aa26c8b5e4a5907b3b902dab596ec5fb626aac05466c89d5733ae5fa0fa5,True,
outputs\hwaseong_jinan\comparisons\t0_t2\vectors\change_polygons.geojson,29892,5f5a4b7075c6eb86da3dd59e72ae570f2f45c7b93006b96512421b7d79644fbd,True,
outputs\hwaseong_jinan\comparisons\t0_t2\vectors\change_polygons.gpkg,118784,006ff35580b9de77220334cbf12f8ac7d3b69fda6b4d37a94877a3cd1dbce140,True,
outputs\hwaseong_jinan\comparisons\t1_t2\figures\before_after_change.png,1356746,fa95cc19cae0739910f004751c33f1e1076e31ee1f0b7064156828e8146298b9,True,
outputs\hwaseong_jinan\comparisons\t1_t2\figures\cadastre_context.png,966103,e133b6d76568ba0201ca8b0f38977458b562c63747b1f41729ed9f8dc65f296b,True,
outputs\hwaseong_jinan\comparisons\t1_t2\figures\hotspots.png,301581,0f595947f08bf39d3e15ba9b7c2809f287f175b0fd0f4528bd32f32b6d1d9bdf,True,
outputs\hwaseong_jinan\comparisons\t1_t2\figures\priority_map.png,297567,e47e2cd89b67f86b8daa8f828cddf47efe0b4dbab2d80a33ee812d5198e24bdb,True,
outputs\hwaseong_jinan\comparisons\t1_t2\rasters\change_mask.tif,4120,419717fde35bbe749abf2629afdc9d548c84636f4c95d6fa7e75478104cbf82a,True,
outputs\hwaseong_jinan\comparisons\t1_t2\rasters\change_probability.tif,200942,0851f65e73c27f7c193b4be1d83d5bcbbd526084cc2f6c86efb9f1319efe9013,True,
outputs\hwaseong_jinan\comparisons\t1_t2\reports\building_change_summary.csv,28294,6c586b2563fbbb95ab6158248213f0c3d0b861a1dc37ad17708b77f3827c447f,True,
outputs\hwaseong_jinan\comparisons\t1_t2\reports\human_validation_sample.csv,2689,5f5b9300220f87a19eca2ce3e7307706747a3aa748bb304776fc48f68750c875,True,
outputs\hwaseong_jinan\comparisons\t1_t2\statistics\global_moran.json,106,86fe926ec9add3bd090de4e9c1b3e9587cb7411d2c88e734dd7e7229de897569,True,
outputs\hwaseong_jinan\comparisons\t1_t2\vectors\building_change_results.geojson,125430,d68bd08d0e2e8e71a6b85e79b771c09401bc3ce5b4def58763927fa2b4ea5bf8,True,
outputs\hwaseong_jinan\comparisons\t1_t2\vectors\building_change_results.gpkg,151552,85b6b8cbf94822568735d968c6dd83e90880d4866c57505b8bdd7dfacf2ac85c,True,
outputs\hwaseong_jinan\comparisons\t1_t2\vectors\change_polygons.geojson,40590,a3d7378aac8d6915cb6ae40deaa3697e0266f324ea0147ef912137db3473fee2,True,
outputs\hwaseong_jinan\comparisons\t1_t2\vectors\change_polygons.gpkg,114688,522d27c630ff57d8b843fabd850d3b09ff9b36e8692d49dfa679ce5891db1af2,True,
